SET SQL_MODE="NO_AUTO_VALUE_ON_ZERO";

--
-- Base de datos: `webphd`
--

-- --------------------------------------------------------

--
-- Estructura de tabla para la tabla `area`
--

CREATE TABLE `area` (
  `area_id` varchar(15) NOT NULL,
  `nombre` varchar(50) NOT NULL,
  `activo` enum('S','N') NOT NULL DEFAULT 'S',
  `insert_oper` varchar(15) NOT NULL,
  `insert_datetime` datetime NOT NULL,
  `update_oper` varchar(15) NOT NULL,
  `update_datetime` datetime NOT NULL,
  PRIMARY KEY (`area_id`)
) ENGINE=InnoDB DEFAULT CHARSET=latin1;

--
-- Volcar la base de datos para la tabla `area`
--

INSERT INTO `area` VALUES('001', 'CONTABILIDAD', 'S', 'esistemas', '2014-12-09 13:56:27', 'esistemas', '2014-12-09 13:56:27');
INSERT INTO `area` VALUES('002', 'SISTEMAS', 'S', 'esistemas', '2014-12-09 14:20:19', 'esistemas', '2014-12-09 14:20:19');
INSERT INTO `area` VALUES('003', 'INVENTARIOS', 'S', 'esistemas', '2014-12-09 14:59:20', 'esistemas', '2014-12-09 14:59:20');
INSERT INTO `area` VALUES('004', 'COMPRAS', 'S', 'esistemas', '2014-12-09 14:59:39', 'esistemas', '2014-12-09 14:59:39');
INSERT INTO `area` VALUES('005', 'ADMINISTRATIVA', 'S', 'esistemas', '2014-12-09 14:59:47', 'esistemas', '2014-12-09 14:59:47');
INSERT INTO `area` VALUES('006', 'GERENCIA GENERAL', 'S', 'esistemas', '2014-12-09 15:00:12', 'esistemas', '2014-12-09 15:00:12');
INSERT INTO `area` VALUES('007', 'DESPACHOS', 'S', 'esistemas', '2014-12-09 15:00:20', 'esistemas', '2014-12-09 15:00:20');
INSERT INTO `area` VALUES('008', 'EXPORTACIONES', 'S', 'esistemas', '2014-12-09 15:00:50', 'esistemas', '2014-12-09 15:00:50');
INSERT INTO `area` VALUES('009', 'RECURSOS HUMANOS', 'S', 'esistemas', '2014-12-09 15:01:02', 'esistemas', '2014-12-09 15:01:02');
INSERT INTO `area` VALUES('010', 'COMERCIAL', 'S', 'esistemas', '2014-12-09 15:01:12', 'esistemas', '2014-12-09 15:01:12');
INSERT INTO `area` VALUES('011', 'RECEPCION', 'S', 'esistemas', '2014-12-09 15:01:34', 'esistemas', '2014-12-09 15:01:34');
INSERT INTO `area` VALUES('012', 'PORTERIA', 'S', 'esistemas', '2014-12-09 15:01:42', 'esistemas', '2014-12-09 15:01:42');
INSERT INTO `area` VALUES('013', 'CAFETERIA', 'S', 'esistemas', '2014-12-09 15:01:51', 'esistemas', '2014-12-09 15:01:51');
INSERT INTO `area` VALUES('014', 'INVESTIGACION Y DESARROLLO', 'S', 'esistemas', '2014-12-09 15:03:52', 'esistemas', '2014-12-09 15:03:52');
INSERT INTO `area` VALUES('015', 'CALIDAD', 'S', 'esistemas', '2014-12-09 15:04:05', 'esistemas', '2014-12-09 15:04:05');
INSERT INTO `area` VALUES('016', 'PRODUCCION', 'S', 'esistemas', '2014-12-09 15:04:15', 'esistemas', '2014-12-09 15:04:15');
INSERT INTO `area` VALUES('017', 'PLATA DE SALES', 'S', 'esistemas', '2014-12-09 15:04:28', 'esistemas', '2014-12-09 15:04:28');
INSERT INTO `area` VALUES('018', 'PLANTA DE EMUSIFICANTES', 'S', 'esistemas', '2014-12-09 15:04:42', 'esistemas', '2014-12-09 15:04:42');
INSERT INTO `area` VALUES('019', 'PLANTA DE ENCAPSULADOS', 'S', 'esistemas', '2014-12-09 15:05:03', 'esistemas', '2014-12-09 15:05:03');

-- --------------------------------------------------------

--
-- Estructura de tabla para la tabla `atributo`
--

CREATE TABLE `atributo` (
  `seq_atrib_id` mediumint(8) unsigned NOT NULL AUTO_INCREMENT,
  `atributo` varchar(50) NOT NULL,
  `valor` varchar(50) NOT NULL,
  `activo` char(1) NOT NULL,
  `insert_oper` varchar(15) NOT NULL,
  `insert_datetime` datetime NOT NULL,
  `update_oper` varchar(15) NOT NULL,
  `update_datetime` datetime NOT NULL,
  PRIMARY KEY (`seq_atrib_id`)
) ENGINE=InnoDB  DEFAULT CHARSET=latin1 AUTO_INCREMENT=480 ;

--
-- Volcar la base de datos para la tabla `atributo`
--

INSERT INTO `atributo` VALUES(1, 'Proceso', 'Mto Predictivo', 'S', 'esistemas', '2014-12-09 16:28:56', 'esistemas', '2014-12-09 16:28:56');
INSERT INTO `atributo` VALUES(2, 'Proceso', 'Mto Preventivo', 'S', 'esistemas', '2014-12-09 16:29:15', 'esistemas', '2014-12-09 16:29:15');
INSERT INTO `atributo` VALUES(3, 'Proceso', 'Mto Correctivo', 'S', 'esistemas', '2014-12-09 16:29:30', 'esistemas', '2014-12-09 16:36:51');
INSERT INTO `atributo` VALUES(19, 'Estado', 'PROGRAMADO', 'S', 'esistemas', '2014-12-10 09:45:07', 'esistemas', '2014-12-10 09:48:42');
INSERT INTO `atributo` VALUES(20, 'Estado', 'ASIGNADO', 'S', 'esistemas', '2014-12-10 09:45:29', 'esistemas', '2014-12-10 09:45:29');
INSERT INTO `atributo` VALUES(21, 'Estado', 'EN PROCESO', 'S', 'esistemas', '2014-12-10 09:45:41', 'esistemas', '2014-12-10 09:45:41');
INSERT INTO `atributo` VALUES(22, 'Estado', 'TERMINADO', 'S', 'esistemas', '2014-12-10 09:46:02', 'esistemas', '2014-12-10 09:46:02');
INSERT INTO `atributo` VALUES(23, 'Estado', 'CANCELADO', 'N', 'esistemas', '2014-12-10 10:16:58', 'esistemas', '2014-12-29 09:01:56');
INSERT INTO `atributo` VALUES(24, 'Tipo', 'PLANTA DE SALES', 'S', 'esistemas', '2014-12-23 08:44:58', 'esistemas', '2014-12-23 08:44:58');
INSERT INTO `atributo` VALUES(26, 'PLANTA DE SALES', 'SPRAY DRYER 1 - BOMBA DE ALIMENTACION', 'S', 'esistemas', '2014-12-23 08:46:50', 'esistemas', '2014-12-23 08:46:50');
INSERT INTO `atributo` VALUES(27, 'PLANTA DE SALES', 'SPRAY DRYER 1 - COLECTOR DE POLVO', 'S', 'esistemas', '2014-12-23 08:47:01', 'esistemas', '2014-12-23 08:47:01');
INSERT INTO `atributo` VALUES(28, 'PLANTA DE SALES', 'SPRAY DRYER 1 - VALVULA ESTRELLA', 'S', 'esistemas', '2014-12-23 08:47:11', 'esistemas', '2014-12-23 08:47:11');
INSERT INTO `atributo` VALUES(29, 'PLANTA DE SALES', 'SPRAY DRYER 1 - BLOWER', 'S', 'esistemas', '2014-12-23 08:47:23', 'esistemas', '2014-12-23 08:47:23');
INSERT INTO `atributo` VALUES(30, 'PLANTA DE SALES', 'SPRAY DRYER 1 - QUEMADOR', 'S', 'esistemas', '2014-12-23 08:47:31', 'esistemas', '2014-12-23 08:47:31');
INSERT INTO `atributo` VALUES(31, 'PLANTA DE SALES', 'SPRAY DRYER 1 - SISTEMA ELECTRICO', 'S', 'esistemas', '2014-12-23 08:47:39', 'esistemas', '2014-12-23 08:47:39');
INSERT INTO `atributo` VALUES(32, 'PLANTA DE SALES', 'SPRAY DRYER 1 - VIBRADOR', 'S', 'esistemas', '2014-12-23 08:47:56', 'esistemas', '2014-12-23 08:47:56');
INSERT INTO `atributo` VALUES(33, 'PLANTA DE SALES', 'SPRAY DRYER 1 - CAMARA SECADO', 'S', 'esistemas', '2014-12-23 08:48:05', 'esistemas', '2014-12-23 08:48:05');
INSERT INTO `atributo` VALUES(34, 'PLANTA DE SALES', 'SPRAY DRYER 1 - CICLON', 'S', 'esistemas', '2014-12-23 08:48:15', 'esistemas', '2014-12-23 08:48:15');
INSERT INTO `atributo` VALUES(35, 'PLANTA DE SALES', 'SPRAY DRYER 1 - DUCTOS', 'S', 'esistemas', '2014-12-23 08:48:24', 'esistemas', '2014-12-23 08:48:24');
INSERT INTO `atributo` VALUES(36, 'PLANTA DE SALES', 'SPRAY DRYER 1 - BOQUILLAS Y NUCLEO', 'S', 'esistemas', '2014-12-23 08:48:36', 'esistemas', '2014-12-23 08:48:36');
INSERT INTO `atributo` VALUES(37, 'PLANTA DE SALES', 'SPRAY DRYER 1 - TUBERIAS', 'S', 'esistemas', '2014-12-23 08:48:45', 'esistemas', '2014-12-23 08:48:45');
INSERT INTO `atributo` VALUES(38, 'PLANTA DE SALES', 'SPRAY DRYER 2 - BLOWER', 'S', 'esistemas', '2014-12-23 08:54:12', 'esistemas', '2014-12-23 08:54:12');
INSERT INTO `atributo` VALUES(39, 'PLANTA DE SALES', 'SPRAY DRYER 2 - BOMBA DE ALIMENTACION', 'S', 'esistemas', '2014-12-23 08:54:23', 'esistemas', '2014-12-23 08:54:23');
INSERT INTO `atributo` VALUES(40, 'PLANTA DE SALES', 'SPRAY DRYER 2 - BOQUILLAS Y NUCLEO', 'S', 'esistemas', '2014-12-23 08:54:33', 'esistemas', '2014-12-23 08:54:33');
INSERT INTO `atributo` VALUES(41, 'PLANTA DE SALES', 'SPRAY DRYER 2 - CAMARA SECADO', 'S', 'esistemas', '2014-12-23 08:54:42', 'esistemas', '2014-12-23 08:54:42');
INSERT INTO `atributo` VALUES(42, 'PLANTA DE SALES', 'SPRAY DRYER 2 - CICLON', 'S', 'esistemas', '2014-12-23 08:54:52', 'esistemas', '2014-12-23 08:54:52');
INSERT INTO `atributo` VALUES(43, 'PLANTA DE SALES', 'SPRAY DRYER 2 - COLECTOR DE POLVO', 'S', 'esistemas', '2014-12-23 08:55:06', 'esistemas', '2014-12-23 08:55:06');
INSERT INTO `atributo` VALUES(44, 'PLANTA DE SALES', 'SPRAY DRYER 2 - DUCTOS', 'S', 'esistemas', '2014-12-23 08:55:20', 'esistemas', '2014-12-23 08:55:20');
INSERT INTO `atributo` VALUES(45, 'PLANTA DE SALES', 'SPRAY DRYER 2 - QUEMADOR', 'S', 'esistemas', '2014-12-23 08:55:28', 'esistemas', '2014-12-23 08:55:28');
INSERT INTO `atributo` VALUES(46, 'PLANTA DE SALES', 'SPRAY DRYER 2 - SISTEMA ELECTRICO', 'S', 'esistemas', '2014-12-23 08:55:37', 'esistemas', '2014-12-23 08:55:37');
INSERT INTO `atributo` VALUES(47, 'PLANTA DE SALES', 'SPRAY DRYER 2 - TUBERIAS', 'S', 'esistemas', '2014-12-23 08:55:54', 'esistemas', '2014-12-23 08:55:54');
INSERT INTO `atributo` VALUES(48, 'PLANTA DE SALES', 'SPRAY DRYER 2 - VALVULA ESTRELLA', 'S', 'esistemas', '2014-12-23 08:56:03', 'esistemas', '2014-12-23 08:56:03');
INSERT INTO `atributo` VALUES(49, 'PLANTA DE SALES', 'SPRAY DRYER 2 - VIBRADOR', 'S', 'esistemas', '2014-12-23 08:56:13', 'esistemas', '2014-12-23 08:56:13');
INSERT INTO `atributo` VALUES(50, 'PLANTA DE SALES', 'SPRAY DRYER 2 - CEDAZO No 2', 'S', 'esistemas', '2014-12-23 08:56:54', 'esistemas', '2014-12-23 08:56:54');
INSERT INTO `atributo` VALUES(51, 'PLANTA DE SALES', 'SPRAY DRYER 3 - BLOWER', 'S', 'esistemas', '2014-12-23 08:57:26', 'esistemas', '2014-12-23 08:57:26');
INSERT INTO `atributo` VALUES(52, 'PLANTA DE SALES', 'SPRAY DRYER 3 - BOMBA DE ALIMENTACION', 'S', 'esistemas', '2014-12-23 08:57:35', 'esistemas', '2014-12-23 08:57:35');
INSERT INTO `atributo` VALUES(53, 'PLANTA DE SALES', 'SPRAY DRYER 3 - BOQUILLAS Y NUCLEO', 'S', 'esistemas', '2014-12-23 08:57:51', 'esistemas', '2014-12-23 08:57:51');
INSERT INTO `atributo` VALUES(54, 'PLANTA DE SALES', 'SPRAY DRYER 3 - CAMARA SECADO', 'S', 'esistemas', '2014-12-23 08:58:01', 'esistemas', '2014-12-23 08:58:01');
INSERT INTO `atributo` VALUES(55, 'PLANTA DE SALES', 'SPRAY DRYER 3 - CICLON', 'S', 'esistemas', '2014-12-23 08:58:09', 'esistemas', '2014-12-23 08:58:09');
INSERT INTO `atributo` VALUES(56, 'PLANTA DE SALES', 'SPRAY DRYER 3 - COLECTOR DE POLVO', 'S', 'esistemas', '2014-12-23 08:58:18', 'esistemas', '2014-12-23 08:58:18');
INSERT INTO `atributo` VALUES(57, 'PLANTA DE SALES', 'SPRAY DRYER 3 - DUCTOS', 'S', 'esistemas', '2014-12-23 08:58:27', 'esistemas', '2014-12-23 08:58:27');
INSERT INTO `atributo` VALUES(58, 'PLANTA DE SALES', 'SPRAY DRYER 3 - QUEMADOR', 'S', 'esistemas', '2014-12-23 08:58:36', 'esistemas', '2014-12-23 08:58:36');
INSERT INTO `atributo` VALUES(59, 'PLANTA DE SALES', 'SPRAY DRYER 3 - SISTEMA ELECTRICO', 'S', 'esistemas', '2014-12-23 08:58:46', 'esistemas', '2014-12-23 08:58:46');
INSERT INTO `atributo` VALUES(60, 'PLANTA DE SALES', 'SPRAY DRYER 3 - TUBERIAS', 'S', 'esistemas', '2014-12-23 08:58:55', 'esistemas', '2014-12-23 08:58:55');
INSERT INTO `atributo` VALUES(61, 'PLANTA DE SALES', 'SPRAY DRYER 3 - VALVULA ESTRELLA', 'S', 'esistemas', '2014-12-23 08:59:03', 'esistemas', '2014-12-23 08:59:03');
INSERT INTO `atributo` VALUES(62, 'PLANTA DE SALES', 'SPRAY DRYER 3 - VIBRADOR', 'S', 'esistemas', '2014-12-23 08:59:12', 'esistemas', '2014-12-23 08:59:12');
INSERT INTO `atributo` VALUES(63, 'PLANTA DE SALES', 'SPRAY DRYER 3 - CEDAZO SUECO No 3', 'S', 'esistemas', '2014-12-23 08:59:34', 'esistemas', '2014-12-23 08:59:34');
INSERT INTO `atributo` VALUES(64, 'PLANTA DE SALES', 'SPRAY DRYER 4 - BLOWER', 'S', 'esistemas', '2014-12-23 09:33:25', 'esistemas', '2014-12-23 09:33:25');
INSERT INTO `atributo` VALUES(65, 'PLANTA DE SALES', 'SPRAY DRYER 4 - BOMBA DE ALIMENTACION', 'S', 'esistemas', '2014-12-23 09:33:34', 'esistemas', '2014-12-23 09:33:34');
INSERT INTO `atributo` VALUES(66, 'PLANTA DE SALES', 'SPRAY DRYER 4 - BOQUILLAS Y NUCLEO', 'S', 'esistemas', '2014-12-23 09:33:46', 'esistemas', '2014-12-23 09:33:46');
INSERT INTO `atributo` VALUES(67, 'PLANTA DE SALES', 'SPRAY DRYER 4 - CAMARA SECADO', 'S', 'esistemas', '2014-12-23 09:33:57', 'esistemas', '2014-12-23 09:33:57');
INSERT INTO `atributo` VALUES(68, 'PLANTA DE SALES', 'SPRAY DRYER 4 - CICLON', 'S', 'esistemas', '2014-12-23 09:34:07', 'esistemas', '2014-12-23 09:34:07');
INSERT INTO `atributo` VALUES(69, 'PLANTA DE SALES', 'SPRAY DRYER 4 - COLECTOR DE POLVO', 'S', 'esistemas', '2014-12-23 09:34:16', 'esistemas', '2014-12-23 09:34:16');
INSERT INTO `atributo` VALUES(70, 'PLANTA DE SALES', 'SPRAY DRYER 4 - DUCTOS', 'S', 'esistemas', '2014-12-23 09:34:24', 'esistemas', '2014-12-23 09:34:24');
INSERT INTO `atributo` VALUES(71, 'PLANTA DE SALES', 'SPRAY DRYER 4 - QUEMADOR', 'S', 'esistemas', '2014-12-23 09:34:32', 'esistemas', '2014-12-23 09:34:32');
INSERT INTO `atributo` VALUES(72, 'PLANTA DE SALES', 'SPRAY DRYER 4 - SISTEMA ELECTRICO', 'S', 'esistemas', '2014-12-23 09:34:44', 'esistemas', '2014-12-23 09:34:44');
INSERT INTO `atributo` VALUES(73, 'PLANTA DE SALES', 'SPRAY DRYER 4 - TUBERIAS', 'S', 'esistemas', '2014-12-23 09:34:59', 'esistemas', '2014-12-23 09:34:59');
INSERT INTO `atributo` VALUES(74, 'PLANTA DE SALES', 'SPRAY DRYER 4 - VALVULA ESTRELLA', 'S', 'esistemas', '2014-12-23 09:35:08', 'esistemas', '2014-12-23 09:35:08');
INSERT INTO `atributo` VALUES(75, 'PLANTA DE SALES', 'SPRAY DRYER 4 - VIBRADOR', 'S', 'esistemas', '2014-12-23 09:35:18', 'esistemas', '2014-12-23 09:35:18');
INSERT INTO `atributo` VALUES(76, 'PLANTA DE SALES', 'TUNEL - COLECTOR DE POLVO', 'S', 'esistemas', '2014-12-23 09:35:52', 'esistemas', '2014-12-23 09:35:52');
INSERT INTO `atributo` VALUES(77, 'PLANTA DE SALES', 'TUNEL - VALVULA ESTRELLA', 'S', 'esistemas', '2014-12-23 09:36:09', 'esistemas', '2014-12-23 09:36:09');
INSERT INTO `atributo` VALUES(78, 'PLANTA DE SALES', 'TUNEL - BLOWER', 'S', 'esistemas', '2014-12-23 09:36:26', 'esistemas', '2014-12-23 09:36:26');
INSERT INTO `atributo` VALUES(79, 'PLANTA DE SALES', 'TUNEL - QUEMADOR', 'S', 'esistemas', '2014-12-23 09:36:33', 'esistemas', '2014-12-23 09:36:33');
INSERT INTO `atributo` VALUES(80, 'PLANTA DE SALES', 'TUNEL - SISTEMA ELECTRICO', 'S', 'esistemas', '2014-12-23 09:36:41', 'esistemas', '2014-12-23 09:36:41');
INSERT INTO `atributo` VALUES(81, 'PLANTA DE SALES', 'TUNEL - AGITADOR', 'S', 'esistemas', '2014-12-23 09:36:50', 'esistemas', '2014-12-23 09:36:50');
INSERT INTO `atributo` VALUES(82, 'PLANTA DE SALES', 'TUNEL - SIN FIN', 'S', 'esistemas', '2014-12-23 09:36:56', 'esistemas', '2014-12-23 09:36:56');
INSERT INTO `atributo` VALUES(83, 'PLANTA DE SALES', 'TUNEL - CAMARA DE SECADO', 'S', 'esistemas', '2014-12-23 09:37:06', 'esistemas', '2014-12-23 09:37:06');
INSERT INTO `atributo` VALUES(84, 'PLANTA DE SALES', 'TUNEL - CICLON', 'S', 'esistemas', '2014-12-23 09:37:12', 'esistemas', '2014-12-23 09:37:12');
INSERT INTO `atributo` VALUES(85, 'PLANTA DE SALES', 'TUNEL - DUCTOS', 'S', 'esistemas', '2014-12-23 09:37:21', 'esistemas', '2014-12-23 09:37:21');
INSERT INTO `atributo` VALUES(86, 'PLANTA DE SALES', 'TUNEL - TUBERIAS', 'S', 'esistemas', '2014-12-23 09:37:29', 'esistemas', '2014-12-23 09:37:29');
INSERT INTO `atributo` VALUES(87, 'PLANTA DE SALES', 'REACTOR 5 - MOTORREDUCTOR', 'S', 'esistemas', '2014-12-23 09:39:15', 'esistemas', '2014-12-23 09:39:15');
INSERT INTO `atributo` VALUES(88, 'PLANTA DE SALES', 'REACTOR 5 - TUBERIA DE ALIMENTACION', 'S', 'esistemas', '2014-12-23 09:39:25', 'esistemas', '2014-12-23 09:39:25');
INSERT INTO `atributo` VALUES(89, 'PLANTA DE SALES', 'REACTOR 5 - EJE', 'S', 'esistemas', '2014-12-23 09:39:30', 'esistemas', '2014-12-23 09:39:30');
INSERT INTO `atributo` VALUES(90, 'PLANTA DE SALES', 'REACTOR 5 - IMPELER', 'S', 'esistemas', '2014-12-23 09:39:37', 'esistemas', '2014-12-23 09:39:37');
INSERT INTO `atributo` VALUES(91, 'PLANTA DE SALES', 'REACTOR 5 - TANQUE', 'S', 'esistemas', '2014-12-23 09:39:44', 'esistemas', '2014-12-23 09:39:44');
INSERT INTO `atributo` VALUES(92, 'PLANTA DE SALES', 'REACTOR 5 - SISTEMA ELECTRICO', 'S', 'esistemas', '2014-12-23 09:39:51', 'esistemas', '2014-12-23 09:39:51');
INSERT INTO `atributo` VALUES(93, 'PLANTA DE SALES', 'REACTOR 6 - EJE', 'S', 'esistemas', '2014-12-23 09:40:28', 'esistemas', '2014-12-23 09:40:28');
INSERT INTO `atributo` VALUES(94, 'PLANTA DE SALES', 'REACTOR 6 - IMPELER', 'S', 'esistemas', '2014-12-23 09:40:38', 'esistemas', '2014-12-23 09:40:38');
INSERT INTO `atributo` VALUES(95, 'PLANTA DE SALES', 'REACTOR 6 - MOTORREDUCTOR', 'S', 'esistemas', '2014-12-23 09:40:47', 'esistemas', '2014-12-23 09:40:47');
INSERT INTO `atributo` VALUES(96, 'PLANTA DE SALES', 'REACTOR 6 - SISTEMA ELECTRICO', 'S', 'esistemas', '2014-12-23 09:40:56', 'esistemas', '2014-12-23 09:40:56');
INSERT INTO `atributo` VALUES(97, 'PLANTA DE SALES', 'REACTOR 6 - TANQUE', 'S', 'esistemas', '2014-12-23 09:41:21', 'esistemas', '2014-12-23 09:41:21');
INSERT INTO `atributo` VALUES(98, 'PLANTA DE SALES', 'REACTOR 6 - TUBERIA DE ALIMENTACION', 'S', 'esistemas', '2014-12-23 09:41:35', 'esistemas', '2014-12-23 09:41:35');
INSERT INTO `atributo` VALUES(104, 'PLANTA DE SALES', 'REACTOR 7 - EJE', 'S', 'esistemas', '2014-12-23 09:43:59', 'esistemas', '2014-12-23 09:43:59');
INSERT INTO `atributo` VALUES(105, 'PLANTA DE SALES', 'REACTOR 7 - IMPELER', 'S', 'esistemas', '2014-12-23 09:44:08', 'esistemas', '2014-12-23 09:44:08');
INSERT INTO `atributo` VALUES(106, 'PLANTA DE SALES', 'REACTOR 7 - MOTORREDUCTOR', 'S', 'esistemas', '2014-12-23 09:44:18', 'esistemas', '2014-12-23 09:44:18');
INSERT INTO `atributo` VALUES(107, 'PLANTA DE SALES', 'REACTOR 7 - SISTEMA ELECTRICO', 'S', 'esistemas', '2014-12-23 09:44:28', 'esistemas', '2014-12-23 09:44:28');
INSERT INTO `atributo` VALUES(108, 'PLANTA DE SALES', 'REACTOR 7 - TANQUE', 'S', 'esistemas', '2014-12-23 09:44:36', 'esistemas', '2014-12-23 09:44:36');
INSERT INTO `atributo` VALUES(109, 'PLANTA DE SALES', 'REACTOR 7 - TUBERIA DE ALIMENTACION', 'S', 'esistemas', '2014-12-23 09:44:44', 'esistemas', '2014-12-23 09:44:44');
INSERT INTO `atributo` VALUES(110, 'PLANTA DE SALES', 'REACTOR 26 - EJE', 'S', 'esistemas', '2014-12-23 09:45:29', 'esistemas', '2014-12-23 09:45:29');
INSERT INTO `atributo` VALUES(111, 'PLANTA DE SALES', 'REACTOR 26 - IMPELER', 'S', 'esistemas', '2014-12-23 09:45:53', 'esistemas', '2014-12-23 09:45:53');
INSERT INTO `atributo` VALUES(112, 'PLANTA DE SALES', 'REACTOR 26 - MOTORREDUCTOR', 'S', 'esistemas', '2014-12-23 09:46:07', 'esistemas', '2014-12-23 09:46:07');
INSERT INTO `atributo` VALUES(113, 'PLANTA DE SALES', 'REACTOR 26 - SISTEMA ELECTRICO', 'S', 'esistemas', '2014-12-23 09:46:16', 'esistemas', '2014-12-23 09:46:16');
INSERT INTO `atributo` VALUES(114, 'PLANTA DE SALES', 'REACTOR 26 - TANQUE', 'S', 'esistemas', '2014-12-23 09:46:24', 'esistemas', '2014-12-23 09:46:24');
INSERT INTO `atributo` VALUES(115, 'PLANTA DE SALES', 'REACTOR 26 - TUBERIA DE ALIMENTACION', 'S', 'esistemas', '2014-12-23 09:46:36', 'esistemas', '2014-12-23 09:46:36');
INSERT INTO `atributo` VALUES(116, 'PLANTA DE SALES', 'LECHADA DE CAL - BOMBA CENTRIFUGA', 'S', 'esistemas', '2014-12-23 09:47:51', 'esistemas', '2014-12-23 09:47:51');
INSERT INTO `atributo` VALUES(117, 'PLANTA DE SALES', 'LECHADA DE CAL - BLOWER LECHADA', 'S', 'esistemas', '2014-12-23 09:48:03', 'esistemas', '2014-12-23 09:48:03');
INSERT INTO `atributo` VALUES(118, 'PLANTA DE SALES', 'LECHADA DE CAL - MOTORREDUCTOR TANQUE', 'S', 'esistemas', '2014-12-23 09:48:17', 'esistemas', '2014-12-23 09:48:17');
INSERT INTO `atributo` VALUES(119, 'PLANTA DE SALES', 'LECHADA DE CAL - MOTOR BLOWER DE LECHADA', 'S', 'esistemas', '2014-12-23 09:48:36', 'esistemas', '2014-12-23 09:48:36');
INSERT INTO `atributo` VALUES(120, 'PLANTA DE SALES', 'LECHADA DE CAL - TUBERIA ALIMENTACION LECHADA', 'S', 'esistemas', '2014-12-23 09:48:48', 'esistemas', '2014-12-23 09:48:48');
INSERT INTO `atributo` VALUES(121, 'PLANTA DE SALES', 'LECHADA DE CAL -  HIDROCICLONES 3 UNI', 'S', 'esistemas', '2014-12-23 09:49:12', 'esistemas', '2014-12-23 09:49:12');
INSERT INTO `atributo` VALUES(122, 'Tipo', 'PLANTA DE EMULSIFICANTES', 'S', 'esistemas', '2014-12-23 10:02:29', 'esistemas', '2014-12-23 10:02:29');
INSERT INTO `atributo` VALUES(123, 'PLANTA DE EMULSIFICANTES', 'SPRAY COOLER - BOMBA DE ALIMENTACION', 'S', 'esistemas', '2014-12-23 10:02:59', 'esistemas', '2014-12-23 10:02:59');
INSERT INTO `atributo` VALUES(124, 'PLANTA DE EMULSIFICANTES', 'SPRAY COOLER - COLECTOR', 'S', 'esistemas', '2014-12-23 10:03:08', 'esistemas', '2014-12-23 10:03:08');
INSERT INTO `atributo` VALUES(125, 'PLANTA DE EMULSIFICANTES', 'SPRAY COOLER - VALVULA ESTRELLA', 'S', 'esistemas', '2014-12-23 10:03:16', 'esistemas', '2014-12-23 10:03:16');
INSERT INTO `atributo` VALUES(126, 'PLANTA DE EMULSIFICANTES', 'SPRAY COOLER - BLOWER', 'S', 'esistemas', '2014-12-23 10:03:26', 'esistemas', '2014-12-23 10:03:26');
INSERT INTO `atributo` VALUES(127, 'PLANTA DE EMULSIFICANTES', 'SPRAY COOLER - SISTEMA ELECTRICO', 'S', 'esistemas', '2014-12-23 10:03:42', 'esistemas', '2014-12-23 10:03:42');
INSERT INTO `atributo` VALUES(128, 'PLANTA DE EMULSIFICANTES', 'SPRAY COOLER - TANQUE DE ALIMENTACION', 'S', 'esistemas', '2014-12-23 10:03:55', 'esistemas', '2014-12-23 10:03:55');
INSERT INTO `atributo` VALUES(129, 'PLANTA DE EMULSIFICANTES', 'SPRAY PILOTO  - BOMBA DE ALIMENTACION', 'S', 'esistemas', '2014-12-23 10:07:08', 'esistemas', '2014-12-23 10:07:08');
INSERT INTO `atributo` VALUES(130, 'PLANTA DE EMULSIFICANTES', 'SPRAY PILOTO  - COLECTOR DE POLVO', 'S', 'esistemas', '2014-12-23 10:07:21', 'esistemas', '2014-12-23 10:07:21');
INSERT INTO `atributo` VALUES(131, 'PLANTA DE EMULSIFICANTES', 'SPRAY PILOTO  - VALVULA ESTRELLA', 'S', 'esistemas', '2014-12-23 10:07:30', 'esistemas', '2014-12-23 10:07:30');
INSERT INTO `atributo` VALUES(132, 'PLANTA DE EMULSIFICANTES', 'SPRAY PILOTO  - BLOWER', 'S', 'esistemas', '2014-12-23 10:07:47', 'esistemas', '2014-12-23 10:07:47');
INSERT INTO `atributo` VALUES(133, 'PLANTA DE EMULSIFICANTES', 'SPRAY PILOTO  - QUEMADOR', 'S', 'esistemas', '2014-12-23 10:07:56', 'esistemas', '2014-12-23 10:07:56');
INSERT INTO `atributo` VALUES(134, 'PLANTA DE EMULSIFICANTES', 'SPRAY PILOTO  - SISTEMA ELECTRICO', 'S', 'esistemas', '2014-12-23 10:08:26', 'esistemas', '2014-12-23 10:08:26');
INSERT INTO `atributo` VALUES(135, 'PLANTA DE EMULSIFICANTES', 'SPRAY PILOTO  - TANQUE ALIMENTACION', 'S', 'esistemas', '2014-12-23 10:08:36', 'esistemas', '2014-12-23 10:08:36');
INSERT INTO `atributo` VALUES(136, 'PLANTA DE EMULSIFICANTES', 'SPRAY PILOTO  - VIBRADOR', 'S', 'esistemas', '2014-12-23 10:08:52', 'esistemas', '2014-12-23 10:08:52');
INSERT INTO `atributo` VALUES(137, 'PLANTA DE EMULSIFICANTES', 'REACTOR 20 - REDUCTOR', 'S', 'esistemas', '2014-12-23 10:10:05', 'esistemas', '2014-12-23 10:10:05');
INSERT INTO `atributo` VALUES(138, 'PLANTA DE EMULSIFICANTES', 'REACTOR 20 - EJE', 'S', 'esistemas', '2014-12-23 10:10:09', 'esistemas', '2014-12-23 10:10:09');
INSERT INTO `atributo` VALUES(139, 'PLANTA DE EMULSIFICANTES', 'REACTOR 20 - ACCESORIOS', 'S', 'esistemas', '2014-12-23 10:10:19', 'esistemas', '2014-12-23 10:10:19');
INSERT INTO `atributo` VALUES(140, 'PLANTA DE EMULSIFICANTES', 'REACTOR 20 - IMPELER', 'S', 'esistemas', '2014-12-23 10:10:27', 'esistemas', '2014-12-23 10:10:27');
INSERT INTO `atributo` VALUES(141, 'PLANTA DE EMULSIFICANTES', 'REACTOR 20 - MOTOR', 'S', 'esistemas', '2014-12-23 10:10:37', 'esistemas', '2014-12-23 10:10:37');
INSERT INTO `atributo` VALUES(142, 'PLANTA DE EMULSIFICANTES', 'REACTOR 21 - MOTOR', 'S', 'esistemas', '2014-12-23 10:11:04', 'esistemas', '2014-12-23 10:11:04');
INSERT INTO `atributo` VALUES(143, 'PLANTA DE EMULSIFICANTES', 'REACTOR 21 - REDUCTOR', 'S', 'esistemas', '2014-12-23 10:11:09', 'esistemas', '2014-12-23 10:11:09');
INSERT INTO `atributo` VALUES(144, 'PLANTA DE EMULSIFICANTES', 'REACTOR 21 - EJE', 'S', 'esistemas', '2014-12-23 10:11:15', 'esistemas', '2014-12-23 10:11:15');
INSERT INTO `atributo` VALUES(145, 'PLANTA DE EMULSIFICANTES', 'REACTOR 21 - IMPELER', 'S', 'esistemas', '2014-12-23 10:11:28', 'esistemas', '2014-12-23 10:11:28');
INSERT INTO `atributo` VALUES(146, 'PLANTA DE EMULSIFICANTES', 'REACTOR 21 - TANQUE ENCHAQUETADO', 'S', 'esistemas', '2014-12-23 10:11:37', 'esistemas', '2014-12-23 10:11:37');
INSERT INTO `atributo` VALUES(147, 'PLANTA DE EMULSIFICANTES', 'REACTOR 21 - VALVULAS DE SEGURIDAD', 'S', 'esistemas', '2014-12-23 10:11:52', 'esistemas', '2014-12-23 10:11:52');
INSERT INTO `atributo` VALUES(148, 'PLANTA DE EMULSIFICANTES', 'REACTOR 21 - ENTRADA DE NITROGENO', 'S', 'esistemas', '2014-12-23 10:11:59', 'esistemas', '2014-12-23 10:11:59');
INSERT INTO `atributo` VALUES(149, 'PLANTA DE EMULSIFICANTES', 'REACTOR 21 - SISTEMA DE VACIO', 'S', 'esistemas', '2014-12-23 10:12:10', 'esistemas', '2014-12-23 10:12:10');
INSERT INTO `atributo` VALUES(150, 'PLANTA DE EMULSIFICANTES', 'REACTOR 21 - SISTEMA ELECTRICO', 'S', 'esistemas', '2014-12-23 10:12:20', 'esistemas', '2014-12-23 10:12:20');
INSERT INTO `atributo` VALUES(151, 'PLANTA DE EMULSIFICANTES', 'REACTOR 22 - EJE', 'S', 'esistemas', '2014-12-23 10:13:57', 'esistemas', '2014-12-23 10:13:57');
INSERT INTO `atributo` VALUES(152, 'PLANTA DE EMULSIFICANTES', 'REACTOR 22 - IMPELER', 'S', 'esistemas', '2014-12-23 10:14:15', 'esistemas', '2014-12-23 10:14:15');
INSERT INTO `atributo` VALUES(153, 'PLANTA DE EMULSIFICANTES', 'REACTOR 22 - MOTOR', 'S', 'esistemas', '2014-12-23 10:14:23', 'esistemas', '2014-12-23 10:14:23');
INSERT INTO `atributo` VALUES(154, 'PLANTA DE EMULSIFICANTES', 'REACTOR 22 - REDUCTOR', 'S', 'esistemas', '2014-12-23 10:26:11', 'esistemas', '2014-12-23 10:26:11');
INSERT INTO `atributo` VALUES(155, 'PLANTA DE EMULSIFICANTES', 'REACTOR 22 - SISTEMA DE VACIO', 'S', 'esistemas', '2014-12-23 10:26:19', 'esistemas', '2014-12-23 10:26:19');
INSERT INTO `atributo` VALUES(156, 'PLANTA DE EMULSIFICANTES', 'REACTOR 22 - SISTEMA ELECTRICO', 'S', 'esistemas', '2014-12-23 10:26:28', 'esistemas', '2014-12-23 10:26:28');
INSERT INTO `atributo` VALUES(157, 'PLANTA DE EMULSIFICANTES', 'REACTOR 22 - TANQUE ENCHAQUETADO', 'S', 'esistemas', '2014-12-23 10:26:40', 'esistemas', '2014-12-23 10:26:40');
INSERT INTO `atributo` VALUES(158, 'PLANTA DE EMULSIFICANTES', 'REACTOR 22 - VALVULAS DE SEGURIDAD', 'S', 'esistemas', '2014-12-23 10:26:54', 'esistemas', '2014-12-23 10:26:54');
INSERT INTO `atributo` VALUES(159, 'PLANTA DE EMULSIFICANTES', 'REACTOR 23 - MOTOR', 'S', 'esistemas', '2014-12-23 10:29:49', 'esistemas', '2014-12-23 10:29:49');
INSERT INTO `atributo` VALUES(160, 'PLANTA DE EMULSIFICANTES', 'REACTOR 23 - REDUCTOR', 'S', 'esistemas', '2014-12-23 10:29:56', 'esistemas', '2014-12-23 10:29:56');
INSERT INTO `atributo` VALUES(161, 'PLANTA DE EMULSIFICANTES', 'REACTOR 23 - SERPENTIN', 'S', 'esistemas', '2014-12-23 10:30:19', 'esistemas', '2014-12-23 10:30:19');
INSERT INTO `atributo` VALUES(162, 'PLANTA DE EMULSIFICANTES', 'REACTOR 23 - EJE', 'S', 'esistemas', '2014-12-23 10:30:29', 'esistemas', '2014-12-23 10:30:29');
INSERT INTO `atributo` VALUES(163, 'PLANTA DE EMULSIFICANTES', 'REACTOR 23 - IMPELER', 'S', 'esistemas', '2014-12-23 10:30:38', 'esistemas', '2014-12-23 10:30:38');
INSERT INTO `atributo` VALUES(164, 'PLANTA DE EMULSIFICANTES', 'REACTOR 23 - INTERCAMBIADOR DE CALOR', 'S', 'esistemas', '2014-12-23 10:30:56', 'esistemas', '2014-12-23 10:30:56');
INSERT INTO `atributo` VALUES(165, 'PLANTA DE EMULSIFICANTES', 'REACTOR 23 - VALVULAS DE 3 VIAS', 'S', 'esistemas', '2014-12-23 10:31:04', 'esistemas', '2014-12-23 10:31:04');
INSERT INTO `atributo` VALUES(166, 'PLANTA DE EMULSIFICANTES', 'REACTOR 23 - TANQUE ENCHAQUETADO', 'S', 'esistemas', '2014-12-23 10:31:14', 'esistemas', '2014-12-23 10:31:14');
INSERT INTO `atributo` VALUES(167, 'PLANTA DE EMULSIFICANTES', 'REACTOR 23 - VALVULAS DE SEGURIDAD', 'S', 'esistemas', '2014-12-23 10:31:24', 'esistemas', '2014-12-23 10:31:24');
INSERT INTO `atributo` VALUES(168, 'PLANTA DE EMULSIFICANTES', 'REACTOR 23 - CONTROLADOR DE NITROGENO', 'S', 'esistemas', '2014-12-23 10:31:33', 'esistemas', '2014-12-23 10:31:33');
INSERT INTO `atributo` VALUES(169, 'PLANTA DE EMULSIFICANTES', 'REACTOR 23 - SISTEMA DE VACIO', 'S', 'esistemas', '2014-12-23 10:31:52', 'esistemas', '2014-12-23 10:31:52');
INSERT INTO `atributo` VALUES(170, 'PLANTA DE EMULSIFICANTES', 'REACTOR 23 - SISTEMA ELECTRICO', 'S', 'esistemas', '2014-12-23 10:32:09', 'esistemas', '2014-12-23 10:32:09');
INSERT INTO `atributo` VALUES(171, 'PLANTA DE EMULSIFICANTES', 'REACTOR 24 - EJE', 'S', 'esistemas', '2014-12-23 10:33:02', 'esistemas', '2014-12-23 10:33:02');
INSERT INTO `atributo` VALUES(172, 'PLANTA DE EMULSIFICANTES', 'REACTOR 24 - IMPELER', 'S', 'esistemas', '2014-12-23 10:33:19', 'esistemas', '2014-12-23 10:33:19');
INSERT INTO `atributo` VALUES(173, 'PLANTA DE EMULSIFICANTES', 'REACTOR 24 - INTERCAMBIADOR DE CALOR', 'S', 'esistemas', '2014-12-23 10:33:27', 'esistemas', '2014-12-23 10:33:27');
INSERT INTO `atributo` VALUES(174, 'PLANTA DE EMULSIFICANTES', 'REACTOR 24 - MOTOR', 'S', 'esistemas', '2014-12-23 10:33:46', 'esistemas', '2014-12-23 10:33:46');
INSERT INTO `atributo` VALUES(175, 'PLANTA DE EMULSIFICANTES', 'REACTOR 24 - REDUCTOR', 'S', 'esistemas', '2014-12-23 10:33:52', 'esistemas', '2014-12-23 10:33:52');
INSERT INTO `atributo` VALUES(176, 'PLANTA DE EMULSIFICANTES', 'REACTOR 24 - SERPENTIN', 'S', 'esistemas', '2014-12-23 10:34:08', 'esistemas', '2014-12-23 10:34:08');
INSERT INTO `atributo` VALUES(177, 'PLANTA DE EMULSIFICANTES', 'REACTOR 24 - SISTEMA DE VACIO', 'S', 'esistemas', '2014-12-23 10:34:12', 'esistemas', '2014-12-23 10:34:12');
INSERT INTO `atributo` VALUES(178, 'PLANTA DE EMULSIFICANTES', 'REACTOR 24 - SISTEMA ELECTRICO', 'S', 'esistemas', '2014-12-23 10:34:28', 'esistemas', '2014-12-23 10:34:28');
INSERT INTO `atributo` VALUES(179, 'PLANTA DE EMULSIFICANTES', 'REACTOR 24 - TANQUE ENCHAQUETADO', 'S', 'esistemas', '2014-12-23 10:34:32', 'esistemas', '2014-12-23 10:34:32');
INSERT INTO `atributo` VALUES(180, 'PLANTA DE EMULSIFICANTES', 'REACTOR 24 - VALVULAS DE 3 VIAS', 'S', 'esistemas', '2014-12-23 10:34:48', 'esistemas', '2014-12-23 10:34:48');
INSERT INTO `atributo` VALUES(181, 'PLANTA DE EMULSIFICANTES', 'REACTOR 24 - VALVULAS DE SEGURIDAD', 'S', 'esistemas', '2014-12-23 10:34:54', 'esistemas', '2014-12-23 10:34:54');
INSERT INTO `atributo` VALUES(182, 'PLANTA DE EMULSIFICANTES', 'REACTOR 25 - EJE', 'S', 'esistemas', '2014-12-23 10:35:30', 'esistemas', '2014-12-23 10:35:30');
INSERT INTO `atributo` VALUES(183, 'PLANTA DE EMULSIFICANTES', 'REACTOR 25 - IMPELER', 'S', 'esistemas', '2014-12-23 10:35:40', 'esistemas', '2014-12-23 10:35:40');
INSERT INTO `atributo` VALUES(184, 'PLANTA DE EMULSIFICANTES', 'REACTOR 25 - MOTOR', 'S', 'esistemas', '2014-12-23 10:35:51', 'esistemas', '2014-12-23 10:35:51');
INSERT INTO `atributo` VALUES(185, 'PLANTA DE EMULSIFICANTES', 'REACTOR 25 - REDUCTOR', 'S', 'esistemas', '2014-12-23 10:35:56', 'esistemas', '2014-12-23 10:35:56');
INSERT INTO `atributo` VALUES(186, 'PLANTA DE EMULSIFICANTES', 'REACTOR 25 - TANQUE ENCHAQUETADO', 'S', 'esistemas', '2014-12-23 10:36:29', 'esistemas', '2014-12-23 10:36:29');
INSERT INTO `atributo` VALUES(187, 'PLANTA DE EMULSIFICANTES', 'REACTOR 25 - VALVULAS DE SEGURIDAD', 'S', 'esistemas', '2014-12-23 10:36:36', 'esistemas', '2014-12-23 10:36:36');
INSERT INTO `atributo` VALUES(188, 'PLANTA DE EMULSIFICANTES', 'REACTOR 25 - SISTEMA ELECTRICO', 'S', 'esistemas', '2014-12-23 10:36:51', 'esistemas', '2014-12-23 10:36:51');
INSERT INTO `atributo` VALUES(189, 'PLANTA DE EMULSIFICANTES', 'REACTOR 25 - BOMBA DE TRANSFERENCIA', 'S', 'esistemas', '2014-12-23 10:37:23', 'esistemas', '2014-12-23 10:37:23');
INSERT INTO `atributo` VALUES(191, 'PLANTA DE EMULSIFICANTES', 'REACTOR 02 - MOTORREDUCTOR', 'S', 'esistemas', '2014-12-23 10:47:02', 'esistemas', '2014-12-23 10:47:02');
INSERT INTO `atributo` VALUES(192, 'PLANTA DE EMULSIFICANTES', 'REACTOR 02 - EJE', 'S', 'esistemas', '2014-12-23 10:47:09', 'esistemas', '2014-12-23 10:47:09');
INSERT INTO `atributo` VALUES(193, 'PLANTA DE EMULSIFICANTES', 'REACTOR 02 - IMPELER', 'S', 'esistemas', '2014-12-23 10:47:16', 'esistemas', '2014-12-23 10:47:16');
INSERT INTO `atributo` VALUES(194, 'PLANTA DE EMULSIFICANTES', 'REACTOR 02 - TANQUE ENCHAQUETADO', 'S', 'esistemas', '2014-12-23 10:47:28', 'esistemas', '2014-12-23 10:47:28');
INSERT INTO `atributo` VALUES(195, 'PLANTA DE EMULSIFICANTES', 'REACTOR 03 - EJE', 'S', 'esistemas', '2014-12-23 10:47:44', 'esistemas', '2014-12-23 10:47:44');
INSERT INTO `atributo` VALUES(196, 'PLANTA DE EMULSIFICANTES', 'REACTOR 03 - IMPELER', 'S', 'esistemas', '2014-12-23 10:47:52', 'esistemas', '2014-12-23 10:47:52');
INSERT INTO `atributo` VALUES(197, 'PLANTA DE EMULSIFICANTES', 'REACTOR 03 - MOTORREDUCTOR', 'S', 'esistemas', '2014-12-23 10:48:07', 'esistemas', '2014-12-23 10:48:07');
INSERT INTO `atributo` VALUES(198, 'PLANTA DE EMULSIFICANTES', 'REACTOR 03 - TANQUE ENCHAQUETADO', 'S', 'esistemas', '2014-12-23 10:48:14', 'esistemas', '2014-12-23 10:48:14');
INSERT INTO `atributo` VALUES(199, 'PLANTA DE EMULSIFICANTES', 'REACTOR 04 - EJE', 'S', 'esistemas', '2014-12-23 10:48:29', 'esistemas', '2014-12-23 10:48:29');
INSERT INTO `atributo` VALUES(200, 'PLANTA DE EMULSIFICANTES', 'REACTOR 04 - IMPELER', 'S', 'esistemas', '2014-12-23 10:48:40', 'esistemas', '2014-12-23 10:48:40');
INSERT INTO `atributo` VALUES(201, 'PLANTA DE EMULSIFICANTES', 'REACTOR 04 - MOTORREDUCTOR', 'S', 'esistemas', '2014-12-23 10:49:01', 'esistemas', '2014-12-23 10:49:01');
INSERT INTO `atributo` VALUES(202, 'PLANTA DE EMULSIFICANTES', 'REACTOR 04 - SERPENTIN', 'S', 'esistemas', '2014-12-23 10:49:17', 'esistemas', '2014-12-23 10:49:17');
INSERT INTO `atributo` VALUES(203, 'PLANTA DE EMULSIFICANTES', 'REACTOR 04 - INTERCAMBIADOR DE CALOR', 'S', 'esistemas', '2014-12-23 10:49:35', 'esistemas', '2014-12-23 10:49:35');
INSERT INTO `atributo` VALUES(204, 'PLANTA DE EMULSIFICANTES', 'REACTOR 04 - TANQUE ENCHAQUETADO', 'S', 'esistemas', '2014-12-23 10:49:51', 'esistemas', '2014-12-23 10:49:51');
INSERT INTO `atributo` VALUES(205, 'PLANTA DE EMULSIFICANTES', 'ELEMENTOS COMUNES REACTORES  21-22-23-24', 'S', 'esistemas', '2014-12-23 10:51:01', 'esistemas', '2014-12-23 10:51:01');
INSERT INTO `atributo` VALUES(206, 'PLANTA DE EMULSIFICANTES', 'RIBOMBLENDER 1 - REDUCTOR', 'S', 'esistemas', '2014-12-23 10:51:19', 'esistemas', '2014-12-23 10:51:19');
INSERT INTO `atributo` VALUES(207, 'PLANTA DE EMULSIFICANTES', 'RIBOMBLENDER 1 - TANQUE ENCHAQUETADO', 'S', 'esistemas', '2014-12-23 10:51:27', 'esistemas', '2014-12-23 10:51:27');
INSERT INTO `atributo` VALUES(208, 'PLANTA DE EMULSIFICANTES', 'RIBOMBLENDER 1 - MOTOR', 'S', 'esistemas', '2014-12-23 10:51:45', 'esistemas', '2014-12-23 10:51:45');
INSERT INTO `atributo` VALUES(209, 'PLANTA DE EMULSIFICANTES', 'RIBOMBLENDER 2 - REDUCTOR', 'S', 'esistemas', '2014-12-23 10:52:22', 'esistemas', '2014-12-23 10:52:22');
INSERT INTO `atributo` VALUES(210, 'PLANTA DE EMULSIFICANTES', 'RIBOMBLENDER 2 - EJE MEZCLADOR', 'S', 'esistemas', '2014-12-23 10:52:28', 'esistemas', '2014-12-23 10:52:28');
INSERT INTO `atributo` VALUES(211, 'PLANTA DE EMULSIFICANTES', 'RIBOMBLENDER 2 - ENCHAQUETADO', 'S', 'esistemas', '2014-12-23 10:52:36', 'esistemas', '2014-12-23 10:52:36');
INSERT INTO `atributo` VALUES(212, 'PLANTA DE EMULSIFICANTES', 'RIBOMBLENDER 2 - CEDAZO', 'S', 'esistemas', '2014-12-23 10:52:40', 'esistemas', '2014-12-23 10:52:40');
INSERT INTO `atributo` VALUES(213, 'PLANTA DE EMULSIFICANTES', 'RIBOMBLENDER 2 - VALVULA DE SEGURIDAD', 'S', 'esistemas', '2014-12-23 10:52:52', 'esistemas', '2014-12-23 10:52:52');
INSERT INTO `atributo` VALUES(214, 'PLANTA DE EMULSIFICANTES', 'RIBOMBLENDER 2 - BOMBA NEUMATICA', 'S', 'esistemas', '2014-12-23 10:53:00', 'esistemas', '2014-12-23 10:53:00');
INSERT INTO `atributo` VALUES(215, 'PLANTA DE EMULSIFICANTES', 'RIBOMBLENDER 2 - VIBRADOR', 'S', 'esistemas', '2014-12-23 10:53:07', 'esistemas', '2014-12-23 10:53:07');
INSERT INTO `atributo` VALUES(216, 'PLANTA DE EMULSIFICANTES', 'RIBOMBLENDER 2 - ACOPLE MECANICO', 'S', 'esistemas', '2014-12-23 10:53:19', 'esistemas', '2014-12-23 10:53:19');
INSERT INTO `atributo` VALUES(217, 'PLANTA DE EMULSIFICANTES', 'RIBOMBLENDER 2 - PRENSA Y TOPA', 'S', 'esistemas', '2014-12-23 10:53:28', 'esistemas', '2014-12-23 10:53:28');
INSERT INTO `atributo` VALUES(218, 'PLANTA DE EMULSIFICANTES', 'RIBOMBLENDER 2 - TRAMPA DE VAPOR', 'S', 'esistemas', '2014-12-23 10:53:43', 'esistemas', '2014-12-23 10:53:43');
INSERT INTO `atributo` VALUES(219, 'PLANTA DE EMULSIFICANTES', 'RIBOMBLENDER 2 - CALENTADOR DE AIRE', 'S', 'esistemas', '2014-12-23 10:53:49', 'esistemas', '2014-12-23 10:53:49');
INSERT INTO `atributo` VALUES(220, 'PLANTA DE EMULSIFICANTES', 'RIBOMBLENDER 2 - BOMBA DE SUCCION', 'S', 'esistemas', '2014-12-23 10:54:00', 'esistemas', '2014-12-23 10:54:00');
INSERT INTO `atributo` VALUES(221, 'PLANTA DE EMULSIFICANTES', 'RIBOMBLENDER 2 - BOMBA CATPUMP', 'S', 'esistemas', '2014-12-23 10:54:17', 'esistemas', '2014-12-23 10:54:17');
INSERT INTO `atributo` VALUES(222, 'PLANTA DE EMULSIFICANTES', 'RIBOMBLENDER 2 - MOLINOS', 'S', 'esistemas', '2014-12-23 10:54:22', 'esistemas', '2014-12-23 10:54:22');
INSERT INTO `atributo` VALUES(223, 'PLANTA DE EMULSIFICANTES', 'RIBOMBLENDER 2 -  WET SCRUBBER', 'S', 'esistemas', '2014-12-23 10:54:40', 'esistemas', '2014-12-23 10:54:40');
INSERT INTO `atributo` VALUES(224, 'PLANTA DE EMULSIFICANTES', 'RIBOMBLENDER 2 - MOTORREDUCTOR', 'S', 'esistemas', '2014-12-23 10:59:22', 'esistemas', '2014-12-23 10:59:22');
INSERT INTO `atributo` VALUES(225, 'PLANTA DE EMULSIFICANTES', 'RIBOMBLENDER 2 - MOTOR', 'S', 'esistemas', '2014-12-23 10:59:30', 'esistemas', '2014-12-23 10:59:30');
INSERT INTO `atributo` VALUES(226, 'PLANTA DE EMULSIFICANTES', 'RIBOMBLENDER 2 - SISTEMA ELECTRICO', 'S', 'esistemas', '2014-12-23 10:59:39', 'esistemas', '2014-12-23 10:59:39');
INSERT INTO `atributo` VALUES(227, 'PLANTA DE EMULSIFICANTES', 'MOLINO ELECTRICO - MOTOR SIEMENS', 'S', 'esistemas', '2014-12-23 11:00:00', 'esistemas', '2014-12-23 11:00:00');
INSERT INTO `atributo` VALUES(228, 'PLANTA DE SALES', 'TK ALIMENTACION 06 FV 12000 LTS', 'S', 'esistemas', '2014-12-23 14:11:38', 'esistemas', '2014-12-23 14:11:38');
INSERT INTO `atributo` VALUES(229, 'PLANTA DE SALES', 'TK ALIMENTACION 07 FV 12000 LTS', 'S', 'esistemas', '2014-12-23 14:11:54', 'esistemas', '2014-12-23 14:11:54');
INSERT INTO `atributo` VALUES(230, 'PLANTA DE SALES', 'TK ALIMENTACION 08 FV 10000 LTS', 'S', 'esistemas', '2014-12-23 14:12:13', 'esistemas', '2014-12-23 14:12:13');
INSERT INTO `atributo` VALUES(231, 'PLANTA DE SALES', 'TK ALIMENTACION 09 FV 6000 LTS', 'S', 'esistemas', '2014-12-23 14:12:32', 'esistemas', '2014-12-23 14:12:32');
INSERT INTO `atributo` VALUES(232, 'PLANTA DE SALES', 'TK ALIMENTACION 10 FV 6000 LTS', 'S', 'esistemas', '2014-12-23 14:12:46', 'esistemas', '2014-12-23 14:12:46');
INSERT INTO `atributo` VALUES(233, 'PLANTA DE SALES', 'TK ALIMENTACION 11 FV 4000 LTS', 'S', 'esistemas', '2014-12-23 14:13:04', 'esistemas', '2014-12-23 14:13:04');
INSERT INTO `atributo` VALUES(234, 'PLANTA DE SALES', 'TK ALIMENTACION 12 FV 5000 LTS', 'S', 'esistemas', '2014-12-23 14:13:40', 'esistemas', '2014-12-23 14:13:40');
INSERT INTO `atributo` VALUES(235, 'PLANTA DE SALES', 'TK ALIMENTACION 13 FV 3500 LTS', 'S', 'esistemas', '2014-12-23 14:13:56', 'esistemas', '2014-12-23 14:13:56');
INSERT INTO `atributo` VALUES(236, 'PLANTA DE SALES', 'LAVAMANOS DETRAS SD', 'S', 'esistemas', '2014-12-23 14:17:20', 'esistemas', '2014-12-23 14:17:20');
INSERT INTO `atributo` VALUES(237, 'PLANTA DE SALES', 'LAVAMANOS SECADOR  X CALOR', 'S', 'esistemas', '2014-12-23 14:17:54', 'esistemas', '2014-12-23 14:17:54');
INSERT INTO `atributo` VALUES(238, 'PLANTA DE SALES', 'LAVAMANOS INGRESO A PLANTA', 'S', 'esistemas', '2014-12-23 14:18:09', 'esistemas', '2014-12-23 14:18:09');
INSERT INTO `atributo` VALUES(239, 'PLANTA DE SALES', 'EMPAQUES Y CEDAZADOS', 'S', 'esistemas', '2014-12-23 14:20:35', 'esistemas', '2014-12-23 14:20:35');
INSERT INTO `atributo` VALUES(240, 'PLANTA DE SALES', 'HEOLICOS 2 UNIDADES', 'S', 'esistemas', '2014-12-23 14:20:53', 'esistemas', '2014-12-23 14:20:53');
INSERT INTO `atributo` VALUES(241, 'PLANTA DE SALES', 'OTROS EQUIPOS  - MANGUERAS', 'S', 'esistemas', '2014-12-23 14:21:32', 'esistemas', '2014-12-23 14:21:32');
INSERT INTO `atributo` VALUES(242, 'PLANTA DE SALES', 'OTROS EQUIPOS  - LAMPARAS Y REFLECTORES', 'S', 'esistemas', '2014-12-23 14:21:59', 'esistemas', '2014-12-23 14:21:59');
INSERT INTO `atributo` VALUES(243, 'PLANTA DE SALES', 'OTROS EQUIPOS  - BOMBA NEUMATICA', 'S', 'esistemas', '2014-12-23 14:22:19', 'esistemas', '2014-12-23 14:22:19');
INSERT INTO `atributo` VALUES(244, 'PLANTA DE SALES', 'OTROS EQUIPOS  - BOMBA DE TRANSFERENCIA', 'S', 'esistemas', '2014-12-23 14:22:35', 'esistemas', '2014-12-23 14:22:35');
INSERT INTO `atributo` VALUES(245, 'PLANTA DE SALES', 'OTROS EQUIPOS  - ESCALERAS', 'S', 'esistemas', '2014-12-23 14:23:03', 'esistemas', '2014-12-23 14:23:03');
INSERT INTO `atributo` VALUES(246, 'PLANTA DE SALES', 'OTROS EQUIPOS  - DUCHA DE EMERGENCIA', 'S', 'esistemas', '2014-12-23 14:23:16', 'esistemas', '2014-12-23 14:23:16');
INSERT INTO `atributo` VALUES(247, 'PLANTA DE SALES', 'OTROS', 'S', 'esistemas', '2014-12-23 14:23:51', 'esistemas', '2014-12-23 14:23:51');
INSERT INTO `atributo` VALUES(248, 'Tipo', 'PLANTA DE ENCAPSULADOS', 'S', 'esistemas', '2014-12-23 14:25:12', 'esistemas', '2014-12-23 14:25:12');
INSERT INTO `atributo` VALUES(249, 'PLANTA DE ENCAPSULADOS', 'CAMARA VERTICAL - BOMBA CENTRIFUGA', 'S', 'esistemas', '2014-12-23 14:42:34', 'esistemas', '2014-12-23 14:42:34');
INSERT INTO `atributo` VALUES(250, 'PLANTA DE ENCAPSULADOS', 'CAMARA VERTICAL - TK DE MEZCLA 150 KG', 'S', 'esistemas', '2014-12-23 14:42:52', 'esistemas', '2014-12-23 14:42:52');
INSERT INTO `atributo` VALUES(251, 'PLANTA DE ENCAPSULADOS', 'CAMARA VERTICAL - MOTOR', 'S', 'esistemas', '2014-12-23 14:43:01', 'esistemas', '2014-12-23 14:43:01');
INSERT INTO `atributo` VALUES(252, 'PLANTA DE ENCAPSULADOS', 'CAMARA VERTICAL - COLECTOR DE POLVO', 'S', 'esistemas', '2014-12-23 14:43:09', 'esistemas', '2014-12-23 14:43:09');
INSERT INTO `atributo` VALUES(253, 'PLANTA DE ENCAPSULADOS', 'CAMARA VERTICAL - TERMOMETRO 150 GC', 'S', 'esistemas', '2014-12-23 14:43:23', 'esistemas', '2014-12-23 14:43:23');
INSERT INTO `atributo` VALUES(254, 'PLANTA DE ENCAPSULADOS', 'CAMARA VERTICAL - MANOMETRO 150 PSI', 'S', 'esistemas', '2014-12-23 14:43:34', 'esistemas', '2014-12-23 14:43:34');
INSERT INTO `atributo` VALUES(255, 'PLANTA DE ENCAPSULADOS', 'CAMARA VERTICAL - BLOWER', 'S', 'esistemas', '2014-12-23 14:43:51', 'esistemas', '2014-12-23 14:43:51');
INSERT INTO `atributo` VALUES(256, 'PLANTA DE ENCAPSULADOS', 'CAMARA VERTICAL - MOTOR DEL BLOWER', 'S', 'esistemas', '2014-12-23 14:43:59', 'esistemas', '2014-12-23 14:43:59');
INSERT INTO `atributo` VALUES(257, 'PLANTA DE ENCAPSULADOS', 'CAMARA VERTICAL - TUBERIA SANITARIA A-I 15 MTS', 'S', 'esistemas', '2014-12-23 14:44:55', 'esistemas', '2014-12-23 14:44:55');
INSERT INTO `atributo` VALUES(258, 'PLANTA DE ENCAPSULADOS', 'CAMARA VERTICAL - TUBERIA SANITARIA A-I 8 MTS', 'S', 'esistemas', '2014-12-23 14:45:10', 'esistemas', '2014-12-23 14:45:10');
INSERT INTO `atributo` VALUES(259, 'PLANTA DE ENCAPSULADOS', 'CAMARA VERTICAL - BOQUILLA', 'S', 'esistemas', '2014-12-23 14:45:17', 'esistemas', '2014-12-23 14:45:17');
INSERT INTO `atributo` VALUES(260, 'PLANTA DE ENCAPSULADOS', 'CAMARA HORIZONTAL - TK MEZCLA 250 LTS', 'S', 'esistemas', '2014-12-23 14:48:03', 'esistemas', '2014-12-23 14:48:03');
INSERT INTO `atributo` VALUES(261, 'PLANTA DE ENCAPSULADOS', 'CAMARA HORIZONTAL - MOTOR AGITADOR', 'S', 'esistemas', '2014-12-23 14:48:10', 'esistemas', '2014-12-23 14:48:10');
INSERT INTO `atributo` VALUES(262, 'PLANTA DE ENCAPSULADOS', 'CAMARA HORIZONTAL - AGITADORES CON HELICE', 'S', 'esistemas', '2014-12-23 14:48:24', 'esistemas', '2014-12-23 14:48:24');
INSERT INTO `atributo` VALUES(263, 'PLANTA DE ENCAPSULADOS', 'CAMARA HORIZONTAL - TERMOMENTOR 150 GC', 'S', 'esistemas', '2014-12-23 14:48:39', 'esistemas', '2014-12-23 14:48:39');
INSERT INTO `atributo` VALUES(264, 'PLANTA DE ENCAPSULADOS', 'CAMARA HORIZONTAL - BOMBA WAKESHA', 'S', 'esistemas', '2014-12-23 14:48:53', 'esistemas', '2014-12-23 14:48:53');
INSERT INTO `atributo` VALUES(265, 'PLANTA DE ENCAPSULADOS', 'CAMARA HORIZONTAL - BOQUILLAS', 'S', 'esistemas', '2014-12-23 14:49:02', 'esistemas', '2014-12-23 14:49:02');
INSERT INTO `atributo` VALUES(266, 'PLANTA DE ENCAPSULADOS', 'CAMARA HORIZONTAL - MANOMETROS 200 PSI', 'S', 'esistemas', '2014-12-23 14:49:10', 'esistemas', '2014-12-23 14:49:10');
INSERT INTO `atributo` VALUES(267, 'PLANTA DE ENCAPSULADOS', 'CAMARA HORIZONTAL - REGULADORA DE AIRE', 'S', 'esistemas', '2014-12-23 15:09:48', 'esistemas', '2014-12-23 15:09:48');
INSERT INTO `atributo` VALUES(268, 'PLANTA DE ENCAPSULADOS', 'CAMARA HORIZONTAL - TORNILLO SIN FIN', 'S', 'esistemas', '2014-12-23 15:09:58', 'esistemas', '2014-12-23 15:09:58');
INSERT INTO `atributo` VALUES(269, 'PLANTA DE ENCAPSULADOS', 'CAMARA HORIZONTAL - BLOWER', 'S', 'esistemas', '2014-12-23 15:10:02', 'esistemas', '2014-12-23 15:10:02');
INSERT INTO `atributo` VALUES(270, 'PLANTA DE ENCAPSULADOS', 'CAMARA HORIZONTAL - MOTOR BLOWER', 'S', 'esistemas', '2014-12-23 15:10:13', 'esistemas', '2014-12-23 15:10:13');
INSERT INTO `atributo` VALUES(271, 'PLANTA DE ENCAPSULADOS', 'CAMARA HORIZONTAL - COLECTOR DE POLVO', 'S', 'esistemas', '2014-12-23 15:10:20', 'esistemas', '2014-12-23 15:10:20');
INSERT INTO `atributo` VALUES(272, 'PLANTA DE ENCAPSULADOS', 'CAMARA HORIZONTAL - TUBERIA  1 1-2 PUL A-I', 'S', 'esistemas', '2014-12-23 15:10:45', 'esistemas', '2014-12-23 15:10:45');
INSERT INTO `atributo` VALUES(273, 'PLANTA DE ENCAPSULADOS', 'CAMARA HORIZONTAL - VIBRADORES 2 UNI', 'S', 'esistemas', '2014-12-23 15:11:01', 'esistemas', '2014-12-23 15:11:01');
INSERT INTO `atributo` VALUES(274, 'PLANTA DE ENCAPSULADOS', 'CAMARA HORIZONTAL - MOTOR SIN FIN', 'S', 'esistemas', '2014-12-23 15:11:15', 'esistemas', '2014-12-23 15:11:15');
INSERT INTO `atributo` VALUES(275, 'PLANTA DE ENCAPSULADOS', 'CAMARA HORIZONTAL - REDUCTOR', 'S', 'esistemas', '2014-12-23 15:11:20', 'esistemas', '2014-12-23 15:11:20');
INSERT INTO `atributo` VALUES(276, 'PLANTA DE ENCAPSULADOS', 'CUARTO CEDAZO - EXTRACTORES', 'S', 'esistemas', '2014-12-23 15:14:35', 'esistemas', '2014-12-23 15:14:35');
INSERT INTO `atributo` VALUES(277, 'PLANTA DE ENCAPSULADOS', 'CUARTO CEDAZO - EMBUDOS', 'S', 'esistemas', '2014-12-23 15:15:03', 'esistemas', '2014-12-23 15:15:03');
INSERT INTO `atributo` VALUES(278, 'PLANTA DE ENCAPSULADOS', 'CUARTO CEDAZO - CUNAS METALICAS', 'S', 'esistemas', '2014-12-23 15:15:12', 'esistemas', '2014-12-23 15:15:12');
INSERT INTO `atributo` VALUES(279, 'PLANTA DE ENCAPSULADOS', 'CUARTO CEDAZO - TANQUE DE FUNDIR', 'S', 'esistemas', '2014-12-23 15:15:25', 'esistemas', '2014-12-23 15:15:25');
INSERT INTO `atributo` VALUES(280, 'PLANTA DE ENCAPSULADOS', 'CUARTO CEDAZO - TANQUE ENCHAQUETADO', 'S', 'esistemas', '2014-12-23 15:15:47', 'esistemas', '2014-12-23 15:15:47');
INSERT INTO `atributo` VALUES(281, 'PLANTA DE ENCAPSULADOS', 'ENCAPSULADO 2 - BOMBA CENTRIFUGA', 'S', 'esistemas', '2014-12-23 15:16:09', 'esistemas', '2014-12-23 15:16:09');
INSERT INTO `atributo` VALUES(282, 'PLANTA DE ENCAPSULADOS', 'ENCAPSULADO 2 - MOTOR', 'S', 'esistemas', '2014-12-23 15:16:22', 'esistemas', '2014-12-23 15:16:22');
INSERT INTO `atributo` VALUES(283, 'PLANTA DE ENCAPSULADOS', 'ENCAPSULADO 2 - CUNA METALICA', 'S', 'esistemas', '2014-12-23 15:16:46', 'esistemas', '2014-12-23 15:16:46');
INSERT INTO `atributo` VALUES(284, 'PLANTA DE ENCAPSULADOS', 'CEDAZO ELECTRICO  - ENTRADA SIN FIN', 'S', 'esistemas', '2014-12-23 15:17:54', 'esistemas', '2014-12-23 15:17:54');
INSERT INTO `atributo` VALUES(285, 'PLANTA DE ENCAPSULADOS', 'CEDAZO ELECTRICO  - MOTORREDUCTOR', 'S', 'esistemas', '2014-12-23 15:18:01', 'esistemas', '2014-12-23 15:18:01');
INSERT INTO `atributo` VALUES(286, 'PLANTA DE ENCAPSULADOS', 'OTROS', 'S', 'esistemas', '2014-12-23 15:19:34', 'esistemas', '2014-12-23 15:19:34');
INSERT INTO `atributo` VALUES(287, 'Tipo', 'CUARTO ELECTRICO', 'S', 'esistemas', '2014-12-23 15:20:58', 'esistemas', '2014-12-23 15:20:58');
INSERT INTO `atributo` VALUES(288, 'CUARTO ELECTRICO', 'GABINETE 1 - BREAKER  R 22', 'S', 'esistemas', '2014-12-23 15:23:16', 'esistemas', '2014-12-23 15:23:16');
INSERT INTO `atributo` VALUES(289, 'CUARTO ELECTRICO', 'GABINETE 1 - VARIADOR R 22', 'S', 'esistemas', '2014-12-23 15:23:36', 'esistemas', '2014-12-23 15:23:36');
INSERT INTO `atributo` VALUES(290, 'CUARTO ELECTRICO', 'GABINETE 1 - CONTACTOR BOMBA VACIO', 'S', 'esistemas', '2014-12-23 15:24:54', 'esistemas', '2014-12-23 15:24:54');
INSERT INTO `atributo` VALUES(291, 'CUARTO ELECTRICO', 'GABINETE 1 - CONTACTOR R 23', 'S', 'esistemas', '2014-12-23 15:25:19', 'esistemas', '2014-12-23 15:25:19');
INSERT INTO `atributo` VALUES(292, 'CUARTO ELECTRICO', 'GABINETE 1 - CONTACTOR BOMBA VACIO AUX', 'S', 'esistemas', '2014-12-23 15:26:06', 'esistemas', '2014-12-23 15:26:06');
INSERT INTO `atributo` VALUES(293, 'CUARTO ELECTRICO', 'GABINETE 1 - PIROMETRO R 20', 'S', 'esistemas', '2014-12-23 15:36:38', 'esistemas', '2014-12-23 15:36:38');
INSERT INTO `atributo` VALUES(294, 'CUARTO ELECTRICO', 'GABINETE 1 - PIROMETRO R 23', 'S', 'esistemas', '2014-12-23 15:36:46', 'esistemas', '2014-12-23 15:36:46');
INSERT INTO `atributo` VALUES(295, 'CUARTO ELECTRICO', 'GABINETE 1 - PIROMETRO R 24', 'S', 'esistemas', '2014-12-23 15:36:52', 'esistemas', '2014-12-23 15:36:52');
INSERT INTO `atributo` VALUES(296, 'CUARTO ELECTRICO', 'GABINETE 1 - BREAKER EXTRACTOR', 'S', 'esistemas', '2014-12-23 15:38:04', 'esistemas', '2014-12-23 15:38:04');
INSERT INTO `atributo` VALUES(297, 'CUARTO ELECTRICO', 'GABINETE 1 - BREAKER CAMARA', 'S', 'esistemas', '2014-12-23 15:38:10', 'esistemas', '2014-12-23 15:38:10');
INSERT INTO `atributo` VALUES(298, 'CUARTO ELECTRICO', 'GABINETE 1 - BREAKER VALVULA 3 VIAS', 'S', 'esistemas', '2014-12-23 15:38:18', 'esistemas', '2014-12-23 15:38:18');
INSERT INTO `atributo` VALUES(299, 'CUARTO ELECTRICO', 'GABINETE 1 - EXTRACTOR GABINETE', 'S', 'esistemas', '2014-12-23 15:38:35', 'esistemas', '2014-12-23 15:38:35');
INSERT INTO `atributo` VALUES(300, 'CUARTO ELECTRICO', 'GABINETE 1 - VOLTIMETRO GABINETE', 'S', 'esistemas', '2014-12-23 15:38:48', 'esistemas', '2014-12-23 15:38:48');
INSERT INTO `atributo` VALUES(301, 'CUARTO ELECTRICO', 'GABINETE 1 - AMPERIMETRO GABINETE', 'S', 'esistemas', '2014-12-23 15:39:02', 'esistemas', '2014-12-23 15:39:02');
INSERT INTO `atributo` VALUES(302, 'CUARTO ELECTRICO', 'GABINETE 1 - SELECTOR R 20', 'S', 'esistemas', '2014-12-23 15:39:23', 'esistemas', '2014-12-23 15:39:23');
INSERT INTO `atributo` VALUES(303, 'CUARTO ELECTRICO', 'GABINETE 1 - SELECTOR R 21', 'S', 'esistemas', '2014-12-23 15:39:28', 'esistemas', '2014-12-23 15:39:28');
INSERT INTO `atributo` VALUES(304, 'CUARTO ELECTRICO', 'GABINETE 1 - SELECTOR R 22', 'S', 'esistemas', '2014-12-23 15:39:34', 'esistemas', '2014-12-23 15:39:34');
INSERT INTO `atributo` VALUES(305, 'CUARTO ELECTRICO', 'GABINETE 1 - SELECTOR R 24', 'S', 'esistemas', '2014-12-23 15:39:40', 'esistemas', '2014-12-23 15:39:40');
INSERT INTO `atributo` VALUES(306, 'CUARTO ELECTRICO', 'GABINETE 1 - SELECTOR VALVULA 3 VIAS', 'S', 'esistemas', '2014-12-23 15:39:56', 'esistemas', '2014-12-23 15:39:56');
INSERT INTO `atributo` VALUES(308, 'CUARTO ELECTRICO', 'GABINETE 1 - PULSADORES', 'S', 'esistemas', '2014-12-23 15:41:00', 'esistemas', '2014-12-23 15:41:00');
INSERT INTO `atributo` VALUES(309, 'CUARTO ELECTRICO', 'GABINETE 1 - PIROMETRO R 21', 'S', 'esistemas', '2014-12-23 15:41:16', 'esistemas', '2014-12-23 15:41:16');
INSERT INTO `atributo` VALUES(310, 'CUARTO ELECTRICO', 'GABINETE 1 - INDICADORES LUMINOSOS', 'S', 'esistemas', '2014-12-23 15:41:31', 'esistemas', '2014-12-23 15:41:31');
INSERT INTO `atributo` VALUES(319, 'CUARTO ELECTRICO', 'GABINETE 2 - VARIADOR R 21', 'S', 'esistemas', '2014-12-23 15:47:33', 'esistemas', '2014-12-23 15:47:33');
INSERT INTO `atributo` VALUES(320, 'CUARTO ELECTRICO', 'GABINETE 2 -  BREAKER SD 1 Y 3', 'S', 'esistemas', '2014-12-23 15:47:39', 'esistemas', '2014-12-23 15:47:39');
INSERT INTO `atributo` VALUES(321, 'CUARTO ELECTRICO', 'GABINETE 2 - VARIADORES R 20-24-25-26', 'S', 'esistemas', '2014-12-23 15:47:49', 'esistemas', '2014-12-23 15:47:49');
INSERT INTO `atributo` VALUES(322, 'CUARTO ELECTRICO', 'GABINETE 2 - BREAKER R 21', 'S', 'esistemas', '2014-12-23 15:48:02', 'esistemas', '2014-12-23 15:48:02');
INSERT INTO `atributo` VALUES(323, 'CUARTO ELECTRICO', 'GABINETE 2 - BREAKER SD 1 Y 3', 'S', 'esistemas', '2014-12-23 15:48:21', 'esistemas', '2014-12-23 15:48:21');
INSERT INTO `atributo` VALUES(324, 'CUARTO ELECTRICO', 'GABINETE 2 - BREAKER R 20-24-25-26', 'S', 'esistemas', '2014-12-23 15:48:39', 'esistemas', '2014-12-23 15:48:39');
INSERT INTO `atributo` VALUES(325, 'CUARTO ELECTRICO', 'GABINETE 2 -  BREAKER SD 2 Y 4', 'S', 'esistemas', '2014-12-23 15:49:07', 'esistemas', '2014-12-23 15:49:07');
INSERT INTO `atributo` VALUES(326, 'CUARTO ELECTRICO', 'GABINETE 2 - CONTACTORES SD 4', 'S', 'esistemas', '2014-12-23 15:49:22', 'esistemas', '2014-12-23 15:49:22');
INSERT INTO `atributo` VALUES(327, 'CUARTO ELECTRICO', 'GABINETE 2 - EXTRACTOR GABINETE 2 UNI', 'S', 'esistemas', '2014-12-23 15:50:00', 'esistemas', '2014-12-23 15:50:00');
INSERT INTO `atributo` VALUES(328, 'CUARTO ELECTRICO', 'GABINETE 2 - SEL MANDO MANUAL TRANSP - SD 1 Y 3', 'S', 'esistemas', '2014-12-23 15:51:14', 'esistemas', '2014-12-23 15:51:14');
INSERT INTO `atributo` VALUES(329, 'CUARTO ELECTRICO', 'GABINETE 2 - SEL MANDO MANUAL TRANSP - R 20-21', 'S', 'esistemas', '2014-12-23 15:51:27', 'esistemas', '2014-12-23 15:51:27');
INSERT INTO `atributo` VALUES(330, 'CUARTO ELECTRICO', 'GABINETE 2 - SEL MANDO MANUAL TRANSP - R 24 A 26', 'S', 'esistemas', '2014-12-23 15:51:43', 'esistemas', '2014-12-23 15:51:43');
INSERT INTO `atributo` VALUES(331, 'CUARTO ELECTRICO', 'GABINETE 2 - SEL MANDO MANUAL TRANSP - LUCES', 'S', 'esistemas', '2014-12-23 15:52:04', 'esistemas', '2014-12-23 15:52:04');
INSERT INTO `atributo` VALUES(332, 'CUARTO ELECTRICO', 'GABINETE 2 - SEL MANDO MANUAL TRANSP - EXTRACTOR', 'S', 'esistemas', '2014-12-23 15:52:09', 'esistemas', '2014-12-23 15:52:09');
INSERT INTO `atributo` VALUES(333, 'CUARTO ELECTRICO', 'GABINETE 2 - SEL MANDO MANUAL COMP - SD 1 AL 3', 'S', 'esistemas', '2014-12-23 15:53:06', 'esistemas', '2014-12-23 15:53:06');
INSERT INTO `atributo` VALUES(334, 'CUARTO ELECTRICO', 'GABINETE 2 - SEL MANDO MANUAL COMP - R 20 Y 21', 'S', 'esistemas', '2014-12-23 15:53:38', 'esistemas', '2014-12-23 15:53:38');
INSERT INTO `atributo` VALUES(335, 'CUARTO ELECTRICO', 'GABINETE 2 - SEL MANDO MANUAL COMP - R 24 A 26', 'S', 'esistemas', '2014-12-23 15:54:02', 'esistemas', '2014-12-23 15:54:02');
INSERT INTO `atributo` VALUES(336, 'CUARTO ELECTRICO', 'GABINETE 2 - VOLTIMETRO GABINETE', 'S', 'esistemas', '2014-12-23 15:54:17', 'esistemas', '2014-12-23 15:54:17');
INSERT INTO `atributo` VALUES(337, 'CUARTO ELECTRICO', 'GABINETE 2 - INDICADORES LUMINOSOS', 'S', 'esistemas', '2014-12-23 15:54:30', 'esistemas', '2014-12-23 15:54:30');
INSERT INTO `atributo` VALUES(338, 'CUARTO ELECTRICO', 'GABINETE 3 - VARIADOR SD 2', 'S', 'esistemas', '2014-12-23 16:06:00', 'esistemas', '2014-12-23 16:06:00');
INSERT INTO `atributo` VALUES(339, 'CUARTO ELECTRICO', 'GABINETE 3 - VARIADOR R 3', 'S', 'esistemas', '2014-12-23 16:06:15', 'esistemas', '2014-12-23 16:06:15');
INSERT INTO `atributo` VALUES(340, 'CUARTO ELECTRICO', 'GABINETE 3 - BREAKER ACIDUMASA 1-2', 'S', 'esistemas', '2014-12-23 16:06:40', 'esistemas', '2014-12-23 16:06:40');
INSERT INTO `atributo` VALUES(341, 'CUARTO ELECTRICO', 'GABINETE 3 - BREAKER COOLER 1-2', 'S', 'esistemas', '2014-12-23 16:06:58', 'esistemas', '2014-12-23 16:06:58');
INSERT INTO `atributo` VALUES(342, 'CUARTO ELECTRICO', 'GABINETE 3 - BOMBA PROPIONICO TANQUE', 'S', 'esistemas', '2014-12-23 16:07:35', 'esistemas', '2014-12-23 16:07:35');
INSERT INTO `atributo` VALUES(343, 'CUARTO ELECTRICO', 'GABINETE 3 - BREAKER PLASTIFICANTE Y R 2', 'S', 'esistemas', '2014-12-23 16:08:21', 'esistemas', '2014-12-23 16:08:21');
INSERT INTO `atributo` VALUES(344, 'CUARTO ELECTRICO', 'GABINETE 3 - BREAKER CTO CEDAZO Y BOMBA LECHADA', 'S', 'esistemas', '2014-12-23 16:08:47', 'esistemas', '2014-12-23 16:08:47');
INSERT INTO `atributo` VALUES(345, 'CUARTO ELECTRICO', 'GABINETE 3 - BREAKER EXT TALLER Y BAJO TUNEL', 'S', 'esistemas', '2014-12-23 16:09:10', 'esistemas', '2014-12-23 16:09:10');
INSERT INTO `atributo` VALUES(346, 'CUARTO ELECTRICO', 'GABINETE 3 - BREAKER SD 1 AL 4', 'S', 'esistemas', '2014-12-23 16:09:35', 'esistemas', '2014-12-23 16:09:35');
INSERT INTO `atributo` VALUES(347, 'CUARTO ELECTRICO', 'GABINETE 3 - BREAKER EXTRACTOR', 'S', 'esistemas', '2014-12-23 16:09:46', 'esistemas', '2014-12-23 16:09:46');
INSERT INTO `atributo` VALUES(348, 'CUARTO ELECTRICO', 'GABINETE 3 - CONTACTOR BOMBA DE ACIDO', 'S', 'esistemas', '2014-12-23 16:10:04', 'esistemas', '2014-12-23 16:10:04');
INSERT INTO `atributo` VALUES(349, 'CUARTO ELECTRICO', 'GABINETE 3 - EXTRACTOR GABINETE', 'S', 'esistemas', '2014-12-23 16:10:20', 'esistemas', '2014-12-23 16:10:20');
INSERT INTO `atributo` VALUES(350, 'CUARTO ELECTRICO', 'GABINETE 3 - PULSADORES', 'S', 'esistemas', '2014-12-23 16:10:27', 'esistemas', '2014-12-23 16:10:27');
INSERT INTO `atributo` VALUES(351, 'CUARTO ELECTRICO', 'GABINETE 3 - INDICADOR LUMINOSO', 'S', 'esistemas', '2014-12-23 16:10:42', 'esistemas', '2014-12-23 16:10:42');
INSERT INTO `atributo` VALUES(352, 'CUARTO ELECTRICO', 'GABINETE 4 - BREAKER BOMBA Y R 7', 'S', 'esistemas', '2014-12-23 16:11:32', 'esistemas', '2014-12-23 16:11:32');
INSERT INTO `atributo` VALUES(353, 'CUARTO ELECTRICO', 'GABINETE 4 - BREAKER CENTRIFUGA 1 Y 2 -TK AGITADOR', 'S', 'esistemas', '2014-12-23 16:11:56', 'esistemas', '2014-12-23 16:11:56');
INSERT INTO `atributo` VALUES(354, 'CUARTO ELECTRICO', 'GABINETE 4 - BREAKER BOMBA TRANSF Y  R6', 'S', 'esistemas', '2014-12-23 16:13:26', 'esistemas', '2014-12-23 16:13:26');
INSERT INTO `atributo` VALUES(355, 'CUARTO ELECTRICO', 'GABINETE 4 - BREAKER TUNEL-MOLINO-CALCINADOR', 'S', 'esistemas', '2014-12-23 16:13:48', 'esistemas', '2014-12-23 16:13:48');
INSERT INTO `atributo` VALUES(356, 'CUARTO ELECTRICO', 'GABINETE 4 - CONTACTORES R6 Y R7', 'S', 'esistemas', '2014-12-23 16:14:00', 'esistemas', '2014-12-23 16:14:00');
INSERT INTO `atributo` VALUES(357, 'CUARTO ELECTRICO', 'GABINETE 4 - BREAKER AIRE ACONDICIONADO', 'S', 'esistemas', '2014-12-23 16:14:51', 'esistemas', '2014-12-23 16:14:51');
INSERT INTO `atributo` VALUES(358, 'CUARTO ELECTRICO', 'GABINETE 4 - TEMPORIZADOR', 'S', 'esistemas', '2014-12-23 16:15:06', 'esistemas', '2014-12-23 16:15:06');
INSERT INTO `atributo` VALUES(359, 'CUARTO ELECTRICO', 'GABINETE 4 - EXTRACTOR GABINETE', 'S', 'esistemas', '2014-12-23 16:15:28', 'esistemas', '2014-12-23 16:15:28');
INSERT INTO `atributo` VALUES(360, 'CUARTO ELECTRICO', 'GABINETE 4 - PULSADORE R5 A R7 TK TRATAMIENTO', 'S', 'esistemas', '2014-12-23 16:16:04', 'esistemas', '2014-12-23 16:16:04');
INSERT INTO `atributo` VALUES(361, 'CUARTO ELECTRICO', 'GABINETE 4 - INDICADORES LUMINOSOS', 'S', 'esistemas', '2014-12-23 16:16:17', 'esistemas', '2014-12-23 16:16:17');
INSERT INTO `atributo` VALUES(362, 'CUARTO ELECTRICO', 'GABINETE 5 - RELE', 'S', 'esistemas', '2014-12-23 16:16:37', 'esistemas', '2014-12-23 16:16:37');
INSERT INTO `atributo` VALUES(363, 'CUARTO ELECTRICO', 'GABINETE 5 - TOMAS', 'S', 'esistemas', '2014-12-23 16:16:42', 'esistemas', '2014-12-23 16:16:42');
INSERT INTO `atributo` VALUES(364, 'CUARTO ELECTRICO', 'GABINETE 5 - TRANSFORMADOR', 'S', 'esistemas', '2014-12-23 16:16:51', 'esistemas', '2014-12-23 16:16:51');
INSERT INTO `atributo` VALUES(365, 'CUARTO ELECTRICO', 'GABINETE 5 - VARIADOR BOMBA CATPUMP SD1 A SD 3', 'S', 'esistemas', '2014-12-23 16:17:21', 'esistemas', '2014-12-23 16:17:21');
INSERT INTO `atributo` VALUES(366, 'CUARTO ELECTRICO', 'GABINETE 5 - CONTACTORES', 'S', 'esistemas', '2014-12-23 16:17:38', 'esistemas', '2014-12-23 16:17:38');
INSERT INTO `atributo` VALUES(367, 'CUARTO ELECTRICO', 'GABINETE 5 - BREAKER', 'S', 'esistemas', '2014-12-23 16:17:44', 'esistemas', '2014-12-23 16:17:44');
INSERT INTO `atributo` VALUES(368, 'CUARTO ELECTRICO', 'GABINETE 5 - POWER SUPPLY', 'S', 'esistemas', '2014-12-23 16:17:58', 'esistemas', '2014-12-23 16:17:58');
INSERT INTO `atributo` VALUES(369, 'CUARTO ELECTRICO', 'GABINETE 5 - PUERTO COMUNICACION', 'S', 'esistemas', '2014-12-23 16:18:04', 'esistemas', '2014-12-23 16:18:04');
INSERT INTO `atributo` VALUES(370, 'CUARTO ELECTRICO', 'GABINETE 5 - PLC SD 1', 'S', 'esistemas', '2014-12-23 16:18:22', 'esistemas', '2014-12-23 16:18:22');
INSERT INTO `atributo` VALUES(371, 'CUARTO ELECTRICO', 'OTROS', 'S', 'esistemas', '2014-12-23 16:18:44', 'esistemas', '2014-12-23 16:18:44');
INSERT INTO `atributo` VALUES(372, 'CUARTO ELECTRICO', 'OTROS - LAMPARAS', 'S', 'esistemas', '2014-12-23 16:19:09', 'esistemas', '2014-12-23 16:19:09');
INSERT INTO `atributo` VALUES(373, 'CUARTO ELECTRICO', 'OTROS - AIRE ACONDICIONADO', 'S', 'esistemas', '2014-12-23 16:19:24', 'esistemas', '2014-12-23 16:19:24');
INSERT INTO `atributo` VALUES(374, 'CUARTO ELECTRICO', 'GABINETE PC  - DELL OPTIPLEX 3020 COMPLETO', 'S', 'esistemas', '2014-12-23 16:19:59', 'esistemas', '2014-12-23 16:19:59');
INSERT INTO `atributo` VALUES(375, 'CUARTO ELECTRICO', 'GABINETE PC  - UPS 750 W', 'S', 'esistemas', '2014-12-23 16:20:16', 'esistemas', '2014-12-23 16:20:16');
INSERT INTO `atributo` VALUES(376, 'CUARTO ELECTRICO', 'GABINETE PC  - REGLETA ELECTRICA', 'S', 'esistemas', '2014-12-23 16:20:23', 'esistemas', '2014-12-23 16:20:23');
INSERT INTO `atributo` VALUES(377, 'PLANTA DE EMULSIFICANTES', 'OTROS', 'S', 'esistemas', '2014-12-23 16:22:29', 'esistemas', '2014-12-23 16:22:29');
INSERT INTO `atributo` VALUES(378, 'Tipo', 'DESPACHOS', 'S', 'esistemas', '2014-12-24 10:46:00', 'esistemas', '2014-12-24 10:46:00');
INSERT INTO `atributo` VALUES(379, 'DESPACHOS', 'CAMIONETA MAZDA', 'S', 'esistemas', '2014-12-24 10:46:27', 'esistemas', '2014-12-24 10:46:27');
INSERT INTO `atributo` VALUES(380, 'DESPACHOS', 'MONTACARGAS LINDE', 'S', 'esistemas', '2014-12-24 10:46:37', 'esistemas', '2014-12-24 10:46:37');
INSERT INTO `atributo` VALUES(381, 'DESPACHOS', 'MONTACARGAS TOYOTA', 'S', 'esistemas', '2014-12-24 10:46:45', 'esistemas', '2014-12-24 10:46:45');
INSERT INTO `atributo` VALUES(382, 'DESPACHOS', 'ESTANTERIAS', 'S', 'esistemas', '2014-12-24 10:46:54', 'esistemas', '2014-12-24 10:46:54');
INSERT INTO `atributo` VALUES(383, 'DESPACHOS', 'ILUMINANCION', 'S', 'esistemas', '2014-12-24 10:47:02', 'esistemas', '2014-12-24 10:47:02');
INSERT INTO `atributo` VALUES(384, 'DESPACHOS', 'OTROS', 'S', 'esistemas', '2014-12-24 10:47:12', 'esistemas', '2014-12-24 10:47:12');
INSERT INTO `atributo` VALUES(385, 'Tipo', 'ZONA DE PONTENCIA', 'S', 'esistemas', '2014-12-24 10:50:13', 'esistemas', '2014-12-24 10:50:13');
INSERT INTO `atributo` VALUES(386, 'ZONA DE PONTENCIA', 'CALDERA VAPOR - MOTOR DEL BLOWER', 'S', 'esistemas', '2014-12-24 10:52:15', 'esistemas', '2014-12-24 10:52:15');
INSERT INTO `atributo` VALUES(387, 'ZONA DE PONTENCIA', 'CALDERA VAPOR - MOTOR', 'S', 'esistemas', '2014-12-24 10:52:25', 'esistemas', '2014-12-24 10:52:25');
INSERT INTO `atributo` VALUES(388, 'ZONA DE PONTENCIA', 'CALDERA VAPOR - BOMBA CALDERIN', 'S', 'esistemas', '2014-12-24 10:52:39', 'esistemas', '2014-12-24 10:52:39');
INSERT INTO `atributo` VALUES(389, 'ZONA DE PONTENCIA', 'CALDERA VAPOR - TK AISLAMIENTO TERMICO', 'S', 'esistemas', '2014-12-24 10:52:58', 'esistemas', '2014-12-24 10:52:58');
INSERT INTO `atributo` VALUES(390, 'ZONA DE PONTENCIA', 'CALDERA VAPOR - HAZ DE TUBO', 'S', 'esistemas', '2014-12-24 10:53:10', 'esistemas', '2014-12-24 10:53:10');
INSERT INTO `atributo` VALUES(391, 'ZONA DE PONTENCIA', 'CALDERA VAPOR - QUEMADOR', 'S', 'esistemas', '2014-12-24 10:53:15', 'esistemas', '2014-12-24 10:53:15');
INSERT INTO `atributo` VALUES(392, 'ZONA DE PONTENCIA', 'CALDERA VAPOR - TREN DE VALVULAS', 'S', 'esistemas', '2014-12-24 10:53:25', 'esistemas', '2014-12-24 10:53:25');
INSERT INTO `atributo` VALUES(393, 'ZONA DE PONTENCIA', 'CALDERA VAPOR - CALDERIN', 'S', 'esistemas', '2014-12-24 10:53:30', 'esistemas', '2014-12-24 10:53:30');
INSERT INTO `atributo` VALUES(394, 'ZONA DE PONTENCIA', 'CALDERA VAPOR - TUBERIA DE GAS', 'S', 'esistemas', '2014-12-24 10:55:30', 'esistemas', '2014-12-24 10:55:30');
INSERT INTO `atributo` VALUES(395, 'ZONA DE PONTENCIA', 'CALDERA VAPOR - TUBERIA DE VAPOR', 'S', 'esistemas', '2014-12-24 10:55:44', 'esistemas', '2014-12-24 10:55:44');
INSERT INTO `atributo` VALUES(396, 'ZONA DE PONTENCIA', 'CALDERA VAPOR - TUBERIA DE PURGA', 'S', 'esistemas', '2014-12-24 10:55:52', 'esistemas', '2014-12-24 10:55:52');
INSERT INTO `atributo` VALUES(397, 'ZONA DE PONTENCIA', 'CALDERA VAPOR - CHEQUE DE ENTRADA', 'S', 'esistemas', '2014-12-24 10:56:05', 'esistemas', '2014-12-24 10:56:05');
INSERT INTO `atributo` VALUES(398, 'ZONA DE PONTENCIA', 'CALDERA VAPOR - CONTROL NIVEL DEL AGUA', 'S', 'esistemas', '2014-12-24 10:56:14', 'esistemas', '2014-12-24 10:56:14');
INSERT INTO `atributo` VALUES(399, 'ZONA DE PONTENCIA', 'CALDERA VAPOR - PRESOSTATO', 'S', 'esistemas', '2014-12-24 10:56:26', 'esistemas', '2014-12-24 10:56:26');
INSERT INTO `atributo` VALUES(400, 'ZONA DE PONTENCIA', 'CALDERA VAPOR - VALVULA DE SEGURIDAD', 'S', 'esistemas', '2014-12-24 10:56:35', 'esistemas', '2014-12-24 10:56:35');
INSERT INTO `atributo` VALUES(401, 'ZONA DE PONTENCIA', 'CALDERA VAPOR - MANOMETRO', 'S', 'esistemas', '2014-12-24 10:56:40', 'esistemas', '2014-12-24 10:56:40');
INSERT INTO `atributo` VALUES(402, 'ZONA DE PONTENCIA', 'CALDERA VAPOR - B-A', 'S', 'esistemas', '2014-12-24 10:56:49', 'esistemas', '2014-12-24 10:56:49');
INSERT INTO `atributo` VALUES(403, 'ZONA DE PONTENCIA', 'CALDERA VAPOR - TERMOMETRO', 'S', 'esistemas', '2014-12-24 10:57:02', 'esistemas', '2014-12-24 10:57:02');
INSERT INTO `atributo` VALUES(404, 'ZONA DE PONTENCIA', 'CALDERA VAPOR - TABLERO ELECTRICO', 'S', 'esistemas', '2014-12-24 10:57:11', 'esistemas', '2014-12-24 10:57:11');
INSERT INTO `atributo` VALUES(405, 'ZONA DE PONTENCIA', 'CALDERA ACEITE TERMICO - QUEMADOR EFICIENTE', 'S', 'esistemas', '2014-12-24 10:59:05', 'esistemas', '2014-12-24 10:59:05');
INSERT INTO `atributo` VALUES(406, 'ZONA DE PONTENCIA', 'CALDERA ACEITE TERMICO - BOMBA CENTRIFUGA', 'S', 'esistemas', '2014-12-24 11:00:04', 'esistemas', '2014-12-24 11:00:04');
INSERT INTO `atributo` VALUES(407, 'ZONA DE PONTENCIA', 'CALDERA ACEITE TERMICO - CONTADOR', 'S', 'esistemas', '2014-12-24 11:00:15', 'esistemas', '2014-12-24 11:00:15');
INSERT INTO `atributo` VALUES(408, 'ZONA DE PONTENCIA', 'CALDERA ACEITE TERMICO - MOTOR DE BOMBA', 'S', 'esistemas', '2014-12-24 11:00:20', 'esistemas', '2014-12-24 11:00:20');
INSERT INTO `atributo` VALUES(409, 'ZONA DE PONTENCIA', 'CALDERA ACEITE TERMICO - TANQUE', 'S', 'esistemas', '2014-12-24 11:00:27', 'esistemas', '2014-12-24 11:00:27');
INSERT INTO `atributo` VALUES(410, 'ZONA DE PONTENCIA', 'CALDERA ACEITE TERMICO - PRESOSTATO', 'S', 'esistemas', '2014-12-24 11:00:34', 'esistemas', '2014-12-24 11:00:34');
INSERT INTO `atributo` VALUES(411, 'ZONA DE PONTENCIA', 'CALDERA ACEITE TERMICO - MANOMETRO', 'S', 'esistemas', '2014-12-24 11:00:41', 'esistemas', '2014-12-24 11:00:41');
INSERT INTO `atributo` VALUES(412, 'ZONA DE PONTENCIA', 'CALDERA ACEITE TERMICO - SERPENTIN', 'S', 'esistemas', '2014-12-24 11:00:51', 'esistemas', '2014-12-24 11:00:51');
INSERT INTO `atributo` VALUES(413, 'ZONA DE PONTENCIA', 'CALDERA ACEITE TERMICO - CONTADOR DE GAS', 'S', 'esistemas', '2014-12-24 11:00:57', 'esistemas', '2014-12-24 11:00:57');
INSERT INTO `atributo` VALUES(414, 'ZONA DE PONTENCIA', 'CALDERA ACEITE TERMICO - TABLERO ELECTRONICO', 'S', 'esistemas', '2014-12-24 11:01:07', 'esistemas', '2014-12-24 11:01:07');
INSERT INTO `atributo` VALUES(415, 'ZONA DE PONTENCIA', 'CALDERA ACEITE TERMICO - TUBERIA', 'S', 'esistemas', '2014-12-24 11:01:18', 'esistemas', '2014-12-24 11:01:18');
INSERT INTO `atributo` VALUES(416, 'ZONA DE PONTENCIA', 'CALDERA ACEITE TERMICO - VALVULA SELENOIDE', 'S', 'esistemas', '2014-12-24 11:01:31', 'esistemas', '2014-12-24 11:01:31');
INSERT INTO `atributo` VALUES(417, 'ZONA DE PONTENCIA', 'SIS CONTRA INCENDIO - MOTOBOMBA DIESEL', 'S', 'esistemas', '2014-12-24 11:02:09', 'esistemas', '2014-12-24 11:02:09');
INSERT INTO `atributo` VALUES(418, 'ZONA DE PONTENCIA', 'SIS CONTRA INCENDIO - MOTOBOMBA ELECTRICA', 'S', 'esistemas', '2014-12-24 11:03:12', 'esistemas', '2014-12-24 11:03:12');
INSERT INTO `atributo` VALUES(419, 'ZONA DE PONTENCIA', 'SIS CONTRA INCENDIO - TK HIDRONEUMATICO', 'S', 'esistemas', '2014-12-24 11:03:25', 'esistemas', '2014-12-24 11:03:25');
INSERT INTO `atributo` VALUES(420, 'ZONA DE PONTENCIA', 'SIS CONTRA INCENDIO - TUBERIAS', 'S', 'esistemas', '2014-12-24 11:03:32', 'esistemas', '2014-12-24 11:03:32');
INSERT INTO `atributo` VALUES(421, 'ZONA DE PONTENCIA', 'SIS CONTRA INCENDIO - TK DE AGUA', 'S', 'esistemas', '2014-12-24 11:03:38', 'esistemas', '2014-12-24 11:03:38');
INSERT INTO `atributo` VALUES(422, 'ZONA DE PONTENCIA', 'TORRE ENFRIAMIENTO - BOMBA CENTRIFUGA', 'S', 'esistemas', '2014-12-24 11:04:07', 'esistemas', '2014-12-24 11:04:07');
INSERT INTO `atributo` VALUES(423, 'ZONA DE PONTENCIA', 'TORRE ENFRIAMIENTO - BOMBA REACTOR', 'S', 'esistemas', '2014-12-24 11:04:16', 'esistemas', '2014-12-24 11:04:16');
INSERT INTO `atributo` VALUES(424, 'ZONA DE PONTENCIA', 'TORRE ENFRIAMIENTO - CUERPO TORRE', 'S', 'esistemas', '2014-12-24 11:04:33', 'esistemas', '2014-12-24 11:04:33');
INSERT INTO `atributo` VALUES(425, 'ZONA DE PONTENCIA', 'TORRE ENFRIAMIENTO - BLOWER', 'S', 'esistemas', '2014-12-24 11:04:40', 'esistemas', '2014-12-24 11:04:40');
INSERT INTO `atributo` VALUES(426, 'ZONA DE PONTENCIA', 'TORRE ENFRIAMIENTO - MOTOR VENTILADOR', 'S', 'esistemas', '2014-12-24 11:05:00', 'esistemas', '2014-12-24 11:05:00');
INSERT INTO `atributo` VALUES(427, 'ZONA DE PONTENCIA', 'TORRE ENFRIAMIENTO - MANZANA Y MANGUITO', 'S', 'esistemas', '2014-12-24 11:05:15', 'esistemas', '2014-12-24 11:05:15');
INSERT INTO `atributo` VALUES(428, 'ZONA DE PONTENCIA', 'TORRE ENFRIAMIENTO - SISTEMA DE RIEGO', 'S', 'esistemas', '2014-12-24 11:05:28', 'esistemas', '2014-12-24 11:05:28');
INSERT INTO `atributo` VALUES(429, 'ZONA DE PONTENCIA', 'TORRE ENFRIAMIENTO - BOQUILLAS', 'S', 'esistemas', '2014-12-24 11:05:37', 'esistemas', '2014-12-24 11:05:37');
INSERT INTO `atributo` VALUES(430, 'ZONA DE PONTENCIA', 'TORRE ENFRIAMIENTO - ESTRUCTURA SOPORTE', 'S', 'esistemas', '2014-12-24 11:05:43', 'esistemas', '2014-12-24 11:05:43');
INSERT INTO `atributo` VALUES(431, 'ZONA DE PONTENCIA', 'TORRE ENFRIAMIENTO - ELIMINADOR DE GOTA', 'S', 'esistemas', '2014-12-24 11:05:59', 'esistemas', '2014-12-24 11:05:59');
INSERT INTO `atributo` VALUES(432, 'ZONA DE PONTENCIA', 'TORRE ENFRIAMIENTO - TK DE AGUA', 'S', 'esistemas', '2014-12-24 11:06:14', 'esistemas', '2014-12-24 11:06:14');
INSERT INTO `atributo` VALUES(433, 'ZONA DE PONTENCIA', 'VARIOS - COMPRESOR INGRESOLL RAM', 'S', 'esistemas', '2014-12-24 11:06:48', 'esistemas', '2014-12-24 11:06:48');
INSERT INTO `atributo` VALUES(434, 'ZONA DE PONTENCIA', 'VARIOS - TK HIDRONEUMATICO', 'S', 'esistemas', '2014-12-24 11:06:59', 'esistemas', '2014-12-24 11:06:59');
INSERT INTO `atributo` VALUES(435, 'ZONA DE PONTENCIA', 'VARIOS - TK AGUA POTABLE', 'S', 'esistemas', '2014-12-24 11:07:08', 'esistemas', '2014-12-24 11:07:08');
INSERT INTO `atributo` VALUES(436, 'ZONA DE PONTENCIA', 'VARIOS - TABLERO CONTROL DE BOMBAS', 'S', 'esistemas', '2014-12-24 11:07:19', 'esistemas', '2014-12-24 11:07:19');
INSERT INTO `atributo` VALUES(437, 'ZONA DE PONTENCIA', 'OTROS', 'S', 'esistemas', '2014-12-24 11:07:24', 'esistemas', '2014-12-24 11:07:24');
INSERT INTO `atributo` VALUES(438, 'Tipo', 'TANQUES DE PROPIONICO', 'S', 'esistemas', '2014-12-24 11:08:49', 'esistemas', '2014-12-24 11:08:49');
INSERT INTO `atributo` VALUES(439, 'TANQUES DE PROPIONICO', 'TK 1 INOX CAP 100 TONELADAS', 'S', 'esistemas', '2014-12-24 11:18:25', 'esistemas', '2014-12-24 11:18:25');
INSERT INTO `atributo` VALUES(440, 'TANQUES DE PROPIONICO', 'TK 2 INOX CAP  22 TONELADAS', 'S', 'esistemas', '2014-12-24 11:18:50', 'esistemas', '2014-12-24 11:18:50');
INSERT INTO `atributo` VALUES(441, 'TANQUES DE PROPIONICO', 'TK 3 INOX CAP   28 TONELADAS', 'S', 'esistemas', '2014-12-24 11:19:16', 'esistemas', '2014-12-24 11:19:16');
INSERT INTO `atributo` VALUES(442, 'TANQUES DE PROPIONICO', 'TK 4 INOX CAP  35 TONELADAS', 'S', 'esistemas', '2014-12-24 11:19:48', 'esistemas', '2014-12-24 11:19:48');
INSERT INTO `atributo` VALUES(443, 'TANQUES DE PROPIONICO', 'TK 5 INOX CAP  50 TONELADAS', 'S', 'esistemas', '2014-12-24 11:20:03', 'esistemas', '2014-12-24 11:20:03');
INSERT INTO `atributo` VALUES(444, 'Tipo', 'ZONAS COMUNES', 'S', 'esistemas', '2014-12-26 07:54:59', 'esistemas', '2014-12-26 07:54:59');
INSERT INTO `atributo` VALUES(445, 'ZONAS COMUNES', 'PARQUEADERO', 'S', 'esistemas', '2014-12-26 07:55:19', 'esistemas', '2014-12-26 07:55:19');
INSERT INTO `atributo` VALUES(446, 'ZONAS COMUNES', 'VIA PRINCIPAL', 'S', 'esistemas', '2014-12-26 07:55:24', 'esistemas', '2014-12-26 07:55:24');
INSERT INTO `atributo` VALUES(447, 'ZONAS COMUNES', 'VIA ALTERNA', 'S', 'esistemas', '2014-12-26 07:55:32', 'esistemas', '2014-12-26 07:55:32');
INSERT INTO `atributo` VALUES(448, 'ZONAS COMUNES', 'JARDIN', 'S', 'esistemas', '2014-12-26 07:55:36', 'esistemas', '2014-12-26 07:55:36');
INSERT INTO `atributo` VALUES(449, 'ZONAS COMUNES', 'PTAR', 'S', 'esistemas', '2014-12-26 07:56:37', 'esistemas', '2014-12-26 07:56:37');
INSERT INTO `atributo` VALUES(450, 'Contacto', 'Interno', 'S', 'esistemas', '2014-12-26 08:48:30', 'esistemas', '2014-12-26 08:48:30');
INSERT INTO `atributo` VALUES(451, 'ZONAS COMUNES', 'ZONA VERDE', 'S', 'esistemas', '2014-12-26 10:27:04', 'esistemas', '2014-12-26 10:27:04');
INSERT INTO `atributo` VALUES(452, 'Tipo', 'OFICINA CARTAGENA', 'S', 'esistemas', '2014-12-29 05:32:02', 'esistemas', '2014-12-29 05:32:02');
INSERT INTO `atributo` VALUES(453, 'Tipo', 'OFICINA BOGOTA', 'S', 'esistemas', '2014-12-29 05:37:51', 'esistemas', '2014-12-29 05:37:51');
INSERT INTO `atributo` VALUES(454, 'OFICINA BOGOTA', 'MONTACARGAS', 'S', 'esistemas', '2014-12-29 05:38:19', 'esistemas', '2014-12-29 05:38:19');
INSERT INTO `atributo` VALUES(455, 'OFICINA BOGOTA', 'OFICINAS', 'S', 'esistemas', '2014-12-29 05:38:26', 'esistemas', '2014-12-29 05:38:26');
INSERT INTO `atributo` VALUES(456, 'OFICINA BOGOTA', 'ESTANTERIAS', 'S', 'esistemas', '2014-12-29 05:38:33', 'esistemas', '2014-12-29 05:38:33');
INSERT INTO `atributo` VALUES(457, 'OFICINA CARTAGENA', 'OFICINAS ADMINISTRATIVAS', 'S', 'esistemas', '2014-12-29 09:45:15', 'esistemas', '2014-12-29 09:45:15');
INSERT INTO `atributo` VALUES(458, 'OFICINA CARTAGENA', 'OFICINA TECNICA', 'S', 'esistemas', '2014-12-29 09:45:33', 'esistemas', '2014-12-29 09:45:33');
INSERT INTO `atributo` VALUES(459, 'OFICINA CARTAGENA', 'RECEPCION', 'S', 'esistemas', '2014-12-29 09:45:44', 'esistemas', '2014-12-29 09:45:44');
INSERT INTO `atributo` VALUES(460, 'OFICINA CARTAGENA', 'PORTERIA', 'S', 'esistemas', '2014-12-29 09:45:51', 'esistemas', '2014-12-29 09:45:51');
INSERT INTO `atributo` VALUES(461, 'OFICINA CARTAGENA', 'BANO DE OPERARIOS', 'S', 'esistemas', '2014-12-29 09:46:10', 'esistemas', '2014-12-29 09:46:10');
INSERT INTO `atributo` VALUES(462, 'OFICINA CARTAGENA', 'BANOS 1 PISO', 'S', 'esistemas', '2014-12-29 09:46:39', 'esistemas', '2014-12-29 09:46:39');
INSERT INTO `atributo` VALUES(463, 'OFICINA CARTAGENA', 'BANOS 2 PISO', 'S', 'esistemas', '2014-12-29 09:46:44', 'esistemas', '2014-12-29 09:46:44');
INSERT INTO `atributo` VALUES(464, 'OFICINA CARTAGENA', 'CAFETERIA', 'S', 'esistemas', '2014-12-29 09:47:16', 'esistemas', '2014-12-29 09:47:16');
INSERT INTO `atributo` VALUES(465, 'OFICINA CARTAGENA', 'LABORATORIO DE ID', 'S', 'esistemas', '2014-12-29 09:48:11', 'esistemas', '2014-12-29 09:48:11');
INSERT INTO `atributo` VALUES(466, 'OFICINA CARTAGENA', 'LABORATORIO DE CALIDAD', 'S', 'esistemas', '2014-12-29 09:48:37', 'esistemas', '2014-12-29 09:48:37');
INSERT INTO `atributo` VALUES(467, 'OFICINA CARTAGENA', 'AIRE CENTRAL 2 PISO', 'S', 'esistemas', '2014-12-29 09:51:01', 'esistemas', '2014-12-29 09:51:01');
INSERT INTO `atributo` VALUES(468, 'OFICINA CARTAGENA', 'AIRE JCB', 'S', 'esistemas', '2014-12-29 09:51:07', 'esistemas', '2014-12-29 09:51:07');
INSERT INTO `atributo` VALUES(469, 'OFICINA CARTAGENA', 'AIRE GERENCIA', 'S', 'esistemas', '2014-12-29 09:51:22', 'esistemas', '2014-12-29 09:51:22');
INSERT INTO `atributo` VALUES(470, 'OFICINA CARTAGENA', 'AIRE SALA DE JUNTAS', 'S', 'esistemas', '2014-12-29 09:51:29', 'esistemas', '2014-12-29 09:51:29');
INSERT INTO `atributo` VALUES(471, 'OFICINA CARTAGENA', 'AIRE RECEPCION', 'S', 'esistemas', '2014-12-29 09:51:46', 'esistemas', '2014-12-29 09:51:46');
INSERT INTO `atributo` VALUES(472, 'OFICINA CARTAGENA', 'AIRE CAFETERIA', 'S', 'esistemas', '2014-12-29 09:51:59', 'esistemas', '2014-12-29 09:51:59');
INSERT INTO `atributo` VALUES(473, 'OFICINA CARTAGENA', 'AIRE LABORATORIO CALIDAD', 'S', 'esistemas', '2014-12-29 09:52:29', 'esistemas', '2014-12-29 09:52:29');
INSERT INTO `atributo` VALUES(474, 'OFICINA CARTAGENA', 'AIRE LABORATORIO DE ID', 'S', 'esistemas', '2014-12-29 09:52:39', 'esistemas', '2014-12-29 09:52:39');
INSERT INTO `atributo` VALUES(475, 'OFICINA CARTAGENA', 'AIRE OFICINA TECNICA - CALIDAD', 'S', 'esistemas', '2014-12-29 09:53:18', 'esistemas', '2014-12-29 09:53:18');
INSERT INTO `atributo` VALUES(476, 'OFICINA CARTAGENA', 'AIRE OFICINA TECNICA - MTO', 'S', 'esistemas', '2014-12-29 09:53:28', 'esistemas', '2014-12-29 09:53:28');
INSERT INTO `atributo` VALUES(477, 'OFICINA CARTAGENA', 'CUARTO DE SERVIDORES', 'S', 'esistemas', '2014-12-29 09:54:05', 'esistemas', '2014-12-29 09:54:05');
INSERT INTO `atributo` VALUES(478, 'OFICINA CARTAGENA', 'OTROS', 'S', 'esistemas', '2014-12-29 09:56:13', 'esistemas', '2014-12-29 09:56:13');
INSERT INTO `atributo` VALUES(479, 'OFICINA CARTAGENA', 'ELEMENTOS DE OFICINA', 'S', 'esistemas', '2014-12-29 11:30:35', 'esistemas', '2014-12-29 11:30:35');

-- --------------------------------------------------------

--
-- Estructura de tabla para la tabla `e_mail_error`
--

CREATE TABLE `e_mail_error` (
  `insert_datetime` datetime NOT NULL,
  `from_name` varchar(120) NOT NULL,
  `from_e_mail` varchar(120) NOT NULL,
  `to_name` varchar(120) NOT NULL,
  `to_e_mail` varchar(120) NOT NULL,
  `subject` varchar(120) NOT NULL,
  `body` text NOT NULL,
  `error_message` varchar(300) NOT NULL
) ENGINE=InnoDB DEFAULT CHARSET=latin1;

--
-- Volcar la base de datos para la tabla `e_mail_error`
--

INSERT INTO `e_mail_error` VALUES('2014-12-09 13:35:27', 'FABIAN OROZCO MARTINEZ', 'mantenimiento@realsa.co', 'LUNA CASTILLO ANIBAL', 'sistemas.alc@realsa.co', 'Alta en PHD Help Desk', '<div style=''text-align:center''><img style=''text-align:center'' src=''cid:PHD'' alt=''phd help desk'' border=0 /></div><br /><br />Ha sido dado de alta en PHD Help Desk. <br />Su usuario es: <strong>esistemas</strong> y su contrasea: <strong>gwq1talp</strong> <br /><br />El sistema le solicitar que cambie esta contrasea una vez que haya ingresado. <br /><br />Ingrese en: <a href=''http://192.168.10.5/Mtto/phd_2_12''>http://192.168.10.5/Mtto/phd_2_12</a>', 'SMTP Error: Could not connect to SMTP host.');
INSERT INTO `e_mail_error` VALUES('2014-12-09 13:48:32', 'FABIAN OROZCO MARTINEZ', 'mantenimiento@realsa.co', 'CASALINS LOPEZ PEDRO ANTONIO', 'amantenimiento@realsa.co', 'Alta en PHD Help Desk', '<div style=''text-align:center''><img style=''text-align:center'' src=''cid:PHD'' alt=''phd help desk'' border=0 /></div><br /><br />Ha sido dado de alta en PHD Help Desk. <br />Su usuario es: <strong>amto</strong> y su contrasea: <strong>z25jb5oj</strong> <br /><br />El sistema le solicitar que cambie esta contrasea una vez que haya ingresado. <br /><br />Ingrese en: <a href=''http://192.168.10.5/Mtto/phd_2_12''>http://192.168.10.5/Mtto/phd_2_12</a>', 'SMTP Error: Could not connect to SMTP host.');
INSERT INTO `e_mail_error` VALUES('2014-12-09 13:49:17', 'Nueva contrasea', 'admin@p-hd.com.ar', 'CASALINS LOPEZ PEDRO ANTONIO', 'amantenimiento@realsa.co', 'Nueva contrasea para PHD Help Desk', '<div style=''text-align:center''><img style=''text-align:center'' src=''cid:PHD'' alt=''phd help desk'' border=0 /></div><br /><br />Se ha modificado su contrasea en PHD Help Desk. <br /> <br />Su usuario es: <strong>amto</strong> y su contrasea: <strong>v2y24oj4</strong> <br /> <br />El sistema le solicitar que cambie esta contrasea una vez que haya ingresado. <br /><br />Ingrese en: <a href=''http://192.168.10.5/Mtto/phd_2_12/index.php''>http://192.168.10.5/Mtto/phd_2_12/index.php</a>', 'SMTP Error: Could not connect to SMTP host.');
INSERT INTO `e_mail_error` VALUES('2014-12-09 13:50:41', 'LUNA CASTILLO ANIBAL', 'sistemas.alc@realsa.co', 'CASALINS LOPEZ PEDRO ANTONIO', 'amantenimiento@realsa.co', 'Nueva contrasea para PHD Help Desk', '<div style=''text-align:center''><img style=''text-align:center'' src=''cid:PHD'' alt=''phd help desk'' border=0 /></div><br /><br />Se ha modificado su contrasea en PHD Help Desk. <br />Su usuario es: <strong>amto</strong> y su contrasea: <strong>29913plj</strong> <br /> <br />El sistema le solicitar que cambie esta contrasea una vez que haya ingresado. <br /><br />Ingrese en: <a href=''http://192.168.10.5/Mtto/phd_2_12/index.php''>http://192.168.10.5/Mtto/phd_2_12/index.php</a>', 'SMTP Error: Could not connect to SMTP host.');
INSERT INTO `e_mail_error` VALUES('2014-12-09 15:47:41', 'LUNA CASTILLO ANIBAL', 'sistemas.alc@realsa.co', 'TORRES QUINTANA JORGE', 'no@aplica.com', 'Alta en PHD Help Desk', '<div style=''text-align:center''><img style=''text-align:center'' src=''cid:PHD'' alt=''phd help desk'' border=0 /></div><br /><br />Ha sido dado de alta en PHD Help Desk. <br />Su usuario es: <strong>electromecanico</strong> y su contrasea: <strong>73xmi9j1</strong> <br /><br />El sistema le solicitar que cambie esta contrasea una vez que haya ingresado. <br /><br />Ingrese en: <a href=''http://192.168.10.5/Mtto/phd_2_12''>http://192.168.10.5/Mtto/phd_2_12</a>', 'SMTP Error: Could not connect to SMTP host.');
INSERT INTO `e_mail_error` VALUES('2014-12-09 15:51:08', 'LUNA CASTILLO ANIBAL', 'sistemas.alc@realsa.co', 'BARRIOS MORALES  JULIO', 'no@aplica.com', 'Alta en PHD Help Desk', '<div style=''text-align:center''><img style=''text-align:center'' src=''cid:PHD'' alt=''phd help desk'' border=0 /></div><br /><br />Ha sido dado de alta en PHD Help Desk. <br />Su usuario es: <strong>soldador1</strong> y su contrasea: <strong>8g167g4x</strong> <br /><br />El sistema le solicitar que cambie esta contrasea una vez que haya ingresado. <br /><br />Ingrese en: <a href=''http://192.168.10.5/Mtto/phd_2_12''>http://192.168.10.5/Mtto/phd_2_12</a>', 'SMTP Error: Could not connect to SMTP host.');
INSERT INTO `e_mail_error` VALUES('2014-12-09 15:52:21', 'LUNA CASTILLO ANIBAL', 'sistemas.alc@realsa.co', 'RIVERA COGOLLO JHON', 'no@aplica.com', 'Alta en PHD Help Desk', '<div style=''text-align:center''><img style=''text-align:center'' src=''cid:PHD'' alt=''phd help desk'' border=0 /></div><br /><br />Ha sido dado de alta en PHD Help Desk. <br />Su usuario es: <strong>soldador2</strong> y su contrasea: <strong>n8y7nxbv</strong> <br /><br />El sistema le solicitar que cambie esta contrasea una vez que haya ingresado. <br /><br />Ingrese en: <a href=''http://192.168.10.5/Mtto/phd_2_12''>http://192.168.10.5/Mtto/phd_2_12</a>', 'SMTP Error: Could not connect to SMTP host.');
INSERT INTO `e_mail_error` VALUES('2014-12-09 15:53:32', 'LUNA CASTILLO ANIBAL', 'sistemas.alc@realsa.co', 'PEREZ ORTIZ ALFREDO', 'no@aplica.com', 'Alta en PHD Help Desk', '<div style=''text-align:center''><img style=''text-align:center'' src=''cid:PHD'' alt=''phd help desk'' border=0 /></div><br /><br />Ha sido dado de alta en PHD Help Desk. <br />Su usuario es: <strong>conductor</strong> y su contrasea: <strong>8maxv9m5</strong> <br /><br />El sistema le solicitar que cambie esta contrasea una vez que haya ingresado. <br /><br />Ingrese en: <a href=''http://192.168.10.5/Mtto/phd_2_12''>http://192.168.10.5/Mtto/phd_2_12</a>', 'SMTP Error: Could not connect to SMTP host.');
INSERT INTO `e_mail_error` VALUES('2014-12-11 07:43:32', 'LUNA CASTILLO ANIBAL', 'sistemas.alc@realsa.co', 'BARRAGAN ECHEVERRIA JUAN CARLOS', 'administrativa@realsa.co', 'Alta en PHD Help Desk', '<div style=''text-align:center''><img style=''text-align:center'' src=''cid:PHD'' alt=''phd help desk'' border=0 /></div><br /><br />Ha sido dado de alta en PHD Help Desk. <br />Su usuario es: <strong>administrativa</strong> y su contrasea: <strong>56bo3932</strong> <br /><br />El sistema le solicitar que cambie esta contrasea una vez que haya ingresado. <br /><br />Ingrese en: <a href=''http://192.168.10.5/Mtto/phd_2_12''>http://192.168.10.5/Mtto/phd_2_12</a>', 'SMTP Error: Could not connect to SMTP host.');
INSERT INTO `e_mail_error` VALUES('2014-12-11 08:54:04', 'BARRAGAN ECHEVERRIA JUAN CARLOS', 'administrativa@realsa.co', 'FABIAN OROZCO MARTINEZ', 'mantenimiento@realsa.co', 'Aviso: se asign el ticket #1 a (jmto) - FABIAN OROZCO MARTINEZ', '<div style=''text-align:center''><img style=''text-align:center'' src=''cid:PHD'' alt=''phd help desk'' border=0 /></div><br /><br /><b>Ticket:</b> #1    <b>Fecha:</b> 11/12/2014 08:53:26     <b>Area:</b> 005    <b>Piso:</b> 02 <br /><b>Usuario:</b> (administrativa) - BARRAGAN ECHEVERRIA JUAN CARLOS    <b>Telfono:</b> 204 <br /> <br /><b>Incidente:</b> Dao aire sala de juntas <br /><br />', 'SMTP Error: Could not connect to SMTP host.');
INSERT INTO `e_mail_error` VALUES('2014-12-11 08:58:15', 'FABIAN OROZCO MARTINEZ', 'mantenimiento@realsa.co', 'CONTRATISTA', 'no@aplica.com', 'Alta en PHD Help Desk', '<div style=''text-align:center''><img style=''text-align:center'' src=''cid:PHD'' alt=''phd help desk'' border=0 /></div><br /><br />Ha sido dado de alta en PHD Help Desk. <br />Su usuario es: <strong>contratista</strong> y su contrasea: <strong>k8ep43pj</strong> <br /><br />El sistema le solicitar que cambie esta contrasea una vez que haya ingresado. <br /><br />Ingrese en: <a href=''http://192.168.10.5/Mtto/phd_2_12''>http://192.168.10.5/Mtto/phd_2_12</a>', 'SMTP Error: Could not connect to SMTP host.');
INSERT INTO `e_mail_error` VALUES('2014-12-11 08:58:49', 'FABIAN OROZCO MARTINEZ', 'mantenimiento@realsa.co', 'CONTRATISTA', 'no@aplica.com', 'Aviso: se asign el ticket #1 a (contratista) - CONTRATISTA', '<div style=''text-align:center''><img style=''text-align:center'' src=''cid:PHD'' alt=''phd help desk'' border=0 /></div><br /><br /><b>Ticket:</b> #1    <b>Fecha:</b> 11/12/2014 08:53:26     <b>Area:</b> 005    <b>Piso:</b> 02 <br /><b>Usuario:</b> (administrativa) - BARRAGAN ECHEVERRIA JUAN CARLOS    <b>Telfono:</b> 204 <br /> <br /><b>Incidente:</b> Dao aire sala de juntas <br /><br />', 'SMTP Error: Could not connect to SMTP host.');
INSERT INTO `e_mail_error` VALUES('2014-12-11 09:06:02', 'BARRAGAN ECHEVERRIA JUAN CARLOS', 'administrativa@realsa.co', 'FABIAN OROZCO MARTINEZ', 'mantenimiento@realsa.co', 'Aviso: se asign el ticket #2 a (jmto) - FABIAN OROZCO MARTINEZ', '<div style=''text-align:center''><img style=''text-align:center'' src=''cid:PHD'' alt=''phd help desk'' border=0 /></div><br /><br /><b>Ticket:</b> #2    <b>Fecha:</b> 11/12/2014 09:05:51     <b>Area:</b> 005    <b>Piso:</b> 02 <br /><b>Usuario:</b> (administrativa) - BARRAGAN ECHEVERRIA JUAN CARLOS    <b>Telfono:</b> 204 <br /> <br /><b>Incidente:</b> El aire de la sala de junta no enciende <br /><br />', 'SMTP Error: Could not connect to SMTP host.');
INSERT INTO `e_mail_error` VALUES('2014-12-11 09:09:45', 'FABIAN OROZCO MARTINEZ', 'mantenimiento@realsa.co', 'CONTRATISTA', 'no@aplica.com', 'Aviso: se asign el ticket #2 a (contratista) - CONTRATISTA', '<div style=''text-align:center''><img style=''text-align:center'' src=''cid:PHD'' alt=''phd help desk'' border=0 /></div><br /><br /><b>Ticket:</b> #2    <b>Fecha:</b> 11/12/2014 09:05:51     <b>Area:</b> 005    <b>Piso:</b> 02 <br /><b>Usuario:</b> (administrativa) - BARRAGAN ECHEVERRIA JUAN CARLOS    <b>Telfono:</b> 204 <br /> <br /><b>Incidente:</b> El aire de la sala de junta no enciende <br /><br /><b>11/12/2014 09:10  - (jmto)</b> - se asigna a un contratista el trabajo\n<br /><br />', 'SMTP Error: Could not connect to SMTP host.');
INSERT INTO `e_mail_error` VALUES('2014-12-11 10:25:45', 'BARRAGAN ECHEVERRIA JUAN CARLOS', 'administrativa@realsa.co', 'FABIAN OROZCO MARTINEZ', 'mantenimiento@realsa.co', 'Aviso: se asign el ticket #3 a (jmto) - FABIAN OROZCO MARTINEZ', '<div style=''text-align:center''><img style=''text-align:center'' src=''cid:PHD'' alt=''phd help desk'' border=0 /></div><br /><br /><b>Ticket:</b> #3    <b>Fecha:</b> 11/12/2014 10:26:03     <b>Area:</b> 005    <b>Piso:</b> 02 <br /><b>Usuario:</b> (administrativa) - BARRAGAN ECHEVERRIA JUAN CARLOS    <b>Telfono:</b> 204 <br /> <br /><b>Incidente:</b> aseo <br /><br />', 'SMTP Error: Could not connect to SMTP host.');
INSERT INTO `e_mail_error` VALUES('2014-12-11 10:28:36', 'BARRAGAN ECHEVERRIA JUAN CARLOS', 'administrativa@realsa.co', 'FABIAN OROZCO MARTINEZ', 'mantenimiento@realsa.co', 'Aviso: se asign el ticket #4 a (jmto) - FABIAN OROZCO MARTINEZ', '<div style=''text-align:center''><img style=''text-align:center'' src=''cid:PHD'' alt=''phd help desk'' border=0 /></div><br /><br /><b>Ticket:</b> #4    <b>Fecha:</b> 11/12/2014 10:28:29     <b>Area:</b> 019    <b>Piso:</b> 01 <br /><b>Usuario:</b> (lencapsulado) - ACEVEDO BLANQUICET CESAR    <b>Telfono:</b> Ext 106 <br /> <br /><b>Incidente:</b> barba <br /><br />', 'SMTP Error: Could not connect to SMTP host.');
INSERT INTO `e_mail_error` VALUES('2014-12-15 16:57:14', 'LUNA CASTILLO ANIBAL', 'sistemas.alc@realsa.co', 'FABIAN OROZCO MARTINEZ', 'mantenimiento@realsa.co', 'Aviso: se asign el ticket #1 a (jmto) - FABIAN OROZCO MARTINEZ', '<div style=''text-align:center''><img style=''text-align:center'' src=''cid:PHD'' alt=''phd help desk'' border=0 /></div><br /><br /><b>Ticket:</b> #1    <b>Fecha:</b> 15/12/2014 16:57:10     <b>Area:</b> 005    <b>Piso:</b> 02 <br /><b>Usuario:</b> (administrativa) - BARRAGAN ECHEVERRIA JUAN CARLOS    <b>Telfono:</b> 204 <br /> <br /><b>Incidente:</b> se dao el codo del spray 4 <br /><br />', 'SMTP Error: Could not connect to SMTP host.');
INSERT INTO `e_mail_error` VALUES('2014-12-16 09:28:20', 'LUNA CASTILLO ANIBAL', 'sistemas.alc@realsa.co', 'FABIAN OROZCO MARTINEZ', 'mantenimiento@realsa.co', 'Aviso: se asign el ticket #2 a (jmto) - FABIAN OROZCO MARTINEZ', '<div style=''text-align:center''><img style=''text-align:center'' src=''cid:PHD'' alt=''phd help desk'' border=0 /></div><br /><br /><b>Ticket:</b> #2    <b>Fecha:</b> 16/12/2014 09:28:10     <b>Area:</b> 017    <b>Piso:</b> 01 <br /><b>Usuario:</b> (lsales) - FUENTES MEDINA MICHEL    <b>Telfono:</b> Ext 106 <br /> <br /><b>Incidente:</b> Cambio de Quemador spray dryer 4 <br /><br />', 'SMTP Error: Could not connect to SMTP host.');
INSERT INTO `e_mail_error` VALUES('2014-12-16 09:37:51', 'LUNA CASTILLO ANIBAL', 'sistemas.alc@realsa.co', 'FABIAN OROZCO MARTINEZ', 'mantenimiento@realsa.co', 'Aviso: se asign el ticket #3 a (jmto) - FABIAN OROZCO MARTINEZ', '<div style=''text-align:center''><img style=''text-align:center'' src=''cid:PHD'' alt=''phd help desk'' border=0 /></div><br /><br /><b>Ticket:</b> #3    <b>Fecha:</b> 16/12/2014 09:36:50     <b>Area:</b> 015    <b>Piso:</b> 01 <br /><b>Usuario:</b> (calidad) - TABORDA PUELLO VICTOR MANUEL    <b>Telfono:</b> Ext 103 <br /> <br /><b>Incidente:</b> Aire del Laboratorio Inv y Desarrollo no funciona <br /><br />', 'SMTP Error: Could not connect to SMTP host.');
INSERT INTO `e_mail_error` VALUES('2014-12-16 10:02:26', 'LUNA CASTILLO ANIBAL', 'sistemas.alc@realsa.co', 'FUENTES  MEDINA MICHEL', 'sales@realsa.co', 'Alta en PHD Help Desk', '<div style=''text-align:center''><img style=''text-align:center'' src=''cid:PHD'' alt=''phd help desk'' border=0 /></div><br /><br />Ha sido dado de alta en PHD Help Desk. <br />Su usuario es: <strong>lsales</strong> y su contrasea: <strong>g57eosra</strong> <br /><br />El sistema le solicitar que cambie esta contrasea una vez que haya ingresado. <br /><br />Ingrese en: <a href=''http://192.168.10.66/phd_2_12''>http://192.168.10.66/phd_2_12</a>', 'SMTP Error: Could not connect to SMTP host.');
INSERT INTO `e_mail_error` VALUES('2014-12-16 10:03:47', 'LUNA CASTILLO ANIBAL', 'sistemas.alc@realsa.co', 'CARDONA ALVEAR MIGUEL', 'liderdeemulsificantes@realsa.co', 'Alta en PHD Help Desk', '<div style=''text-align:center''><img style=''text-align:center'' src=''cid:PHD'' alt=''phd help desk'' border=0 /></div><br /><br />Ha sido dado de alta en PHD Help Desk. <br />Su usuario es: <strong>lemulsificantes</strong> y su contrasea: <strong>l91c3r7s</strong> <br /><br />El sistema le solicitar que cambie esta contrasea una vez que haya ingresado. <br /><br />Ingrese en: <a href=''http://192.168.10.66/phd_2_12''>http://192.168.10.66/phd_2_12</a>', 'SMTP Error: Could not connect to SMTP host.');
INSERT INTO `e_mail_error` VALUES('2014-12-16 10:04:56', 'LUNA CASTILLO ANIBAL', 'sistemas.alc@realsa.co', 'ACEVEDO BLANQUICET CESAR', 'liderdeencapsulados@realsa.co', 'Alta en PHD Help Desk', '<div style=''text-align:center''><img style=''text-align:center'' src=''cid:PHD'' alt=''phd help desk'' border=0 /></div><br /><br />Ha sido dado de alta en PHD Help Desk. <br />Su usuario es: <strong>lencapsulados</strong> y su contrasea: <strong>44dhbaw</strong> <br /><br />El sistema le solicitar que cambie esta contrasea una vez que haya ingresado. <br /><br />Ingrese en: <a href=''http://192.168.10.66/phd_2_12''>http://192.168.10.66/phd_2_12</a>', 'SMTP Error: Could not connect to SMTP host.');
INSERT INTO `e_mail_error` VALUES('2014-12-16 10:08:10', 'CARDONA ALVEAR MIGUEL', 'liderdeemulsificantes@realsa.co', 'FABIAN OROZCO MARTINEZ', 'mantenimiento@realsa.co', 'Aviso: se asign el ticket #4 a (jmto) - FABIAN OROZCO MARTINEZ', '<div style=''text-align:center''><img style=''text-align:center'' src=''cid:PHD'' alt=''phd help desk'' border=0 /></div><br /><br /><b>Ticket:</b> #4    <b>Fecha:</b> 16/12/2014 10:07:32     <b>Area:</b> 018    <b>Piso:</b> 01 <br /><b>Usuario:</b> (lemulsificantes) - CARDONA ALVEAR MIGUEL    <b>Telfono:</b> Ext 106 <br /> <br /><b>Incidente:</b> dao en el motor <br /><br />', 'SMTP Error: Could not connect to SMTP host.');
INSERT INTO `e_mail_error` VALUES('2014-12-16 10:14:47', 'CARDONA ALVEAR MIGUEL', 'liderdeemulsificantes@realsa.co', 'FABIAN OROZCO MARTINEZ', 'mantenimiento@realsa.co', 'Aviso: se asign el ticket #5 a (jmto) - FABIAN OROZCO MARTINEZ', '<div style=''text-align:center''><img style=''text-align:center'' src=''cid:PHD'' alt=''phd help desk'' border=0 /></div><br /><br /><b>Ticket:</b> #5    <b>Fecha:</b> 16/12/2014 10:13:52     <b>Area:</b> 018    <b>Piso:</b> 01 <br /><b>Usuario:</b> (lemulsificantes) - CARDONA ALVEAR MIGUEL    <b>Telfono:</b> Ext 106 <br /> <br /><b>Incidente:</b> el eje del reactor 23 se detiene <br /><br />', 'SMTP Error: Could not connect to SMTP host.');
INSERT INTO `e_mail_error` VALUES('2014-12-16 10:21:28', 'BARRAGAN ECHEVERRIA JUAN CARLOS', 'administrativa@realsa.co', 'FABIAN OROZCO MARTINEZ', 'mantenimiento@realsa.co', 'Aviso: se asign el ticket #6 a (jmto) - FABIAN OROZCO MARTINEZ', '<div style=''text-align:center''><img style=''text-align:center'' src=''cid:PHD'' alt=''phd help desk'' border=0 /></div><br /><br /><b>Ticket:</b> #6    <b>Fecha:</b> 16/12/2014 10:20:44     <b>Area:</b> 005    <b>Piso:</b> 02 <br /><b>Usuario:</b> (administrativa) - BARRAGAN ECHEVERRIA JUAN CARLOS    <b>Telfono:</b> 204 <br /> <br /><b>Incidente:</b> la cerradura de mi puerta esta daada <br /><br />', 'SMTP Error: Could not connect to SMTP host.');
INSERT INTO `e_mail_error` VALUES('2014-12-17 08:27:43', 'ACEVEDO BLANQUICET CESAR', 'liderdeencapsulados@realsa.co', 'FABIAN OROZCO MARTINEZ', 'mantenimiento@realsa.co', 'Aviso: se asign el ticket #7 a (jmto) - FABIAN OROZCO MARTINEZ', '<div style=''text-align:center''><img style=''text-align:center'' src=''cid:PHD'' alt=''phd help desk'' border=0 /></div><br /><br /><b>Ticket:</b> #7    <b>Fecha:</b> 17/12/2014 08:26:16     <b>Area:</b> 019    <b>Piso:</b> 01 <br /><b>Usuario:</b> (lencapsulado) - ACEVEDO BLANQUICET CESAR    <b>Telfono:</b> Ext 106 <br /> <br /><b>Incidente:</b> cambiar la malla de la cuna del cuarto de cedazo <br /><br />', 'SMTP Error: Could not connect to SMTP host.');
INSERT INTO `e_mail_error` VALUES('2014-12-17 14:34:04', 'LUNA CASTILLO ANIBAL', 'sistemas.alc@realsa.co', 'TORRES LARA ANGEL MARIA', 'produccion1@realsa.co', 'Alta en PHD Help Desk', '<div style=''text-align:center''><img style=''text-align:center'' src=''cid:PHD'' alt=''phd help desk'' border=0 /></div><br /><br />Ha sido dado de alta en PHD Help Desk. <br />Su usuario es: <strong>produccion</strong> y su contrasea: <strong>2qj7xag8</strong> <br /><br />El sistema le solicitar que cambie esta contrasea una vez que haya ingresado. <br /><br />Ingrese en: <a href=''http://192.168.10.66/phd_2_12''>http://192.168.10.66/phd_2_12</a>', 'SMTP Error: Could not connect to SMTP host.');
INSERT INTO `e_mail_error` VALUES('2014-12-17 14:34:57', 'LUNA CASTILLO ANIBAL', 'sistemas.alc@realsa.co', 'TABORDA PUELLO VICTOR MANUEL', 'calidad@realsa.co', 'Alta en PHD Help Desk', '<div style=''text-align:center''><img style=''text-align:center'' src=''cid:PHD'' alt=''phd help desk'' border=0 /></div><br /><br />Ha sido dado de alta en PHD Help Desk. <br />Su usuario es: <strong>calidad</strong> y su contrasea: <strong>cppb5f43</strong> <br /><br />El sistema le solicitar que cambie esta contrasea una vez que haya ingresado. <br /><br />Ingrese en: <a href=''http://192.168.10.66/phd_2_12''>http://192.168.10.66/phd_2_12</a>', 'SMTP Error: Could not connect to SMTP host.');
INSERT INTO `e_mail_error` VALUES('2014-12-17 14:35:57', 'LUNA CASTILLO ANIBAL', 'sistemas.alc@realsa.co', 'JARAMILLO GUARDO WILDA ROSA', 'controlcalidad@realsa.co', 'Alta en PHD Help Desk', '<div style=''text-align:center''><img style=''text-align:center'' src=''cid:PHD'' alt=''phd help desk'' border=0 /></div><br /><br />Ha sido dado de alta en PHD Help Desk. <br />Su usuario es: <strong>laboratorio1</strong> y su contrasea: <strong>eud14m7d</strong> <br /><br />El sistema le solicitar que cambie esta contrasea una vez que haya ingresado. <br /><br />Ingrese en: <a href=''http://192.168.10.66/phd_2_12''>http://192.168.10.66/phd_2_12</a>', 'SMTP Error: Could not connect to SMTP host.');
INSERT INTO `e_mail_error` VALUES('2014-12-17 14:36:59', 'LUNA CASTILLO ANIBAL', 'sistemas.alc@realsa.co', 'CARDENAS RIVERAS AURY ESTELLA', 'investigacionydesarrolo@realsa.co', 'Alta en PHD Help Desk', '<div style=''text-align:center''><img style=''text-align:center'' src=''cid:PHD'' alt=''phd help desk'' border=0 /></div><br /><br />Ha sido dado de alta en PHD Help Desk. <br />Su usuario es: <strong>laboratorio2</strong> y su contrasea: <strong>4lch7m6</strong> <br /><br />El sistema le solicitar que cambie esta contrasea una vez que haya ingresado. <br /><br />Ingrese en: <a href=''http://192.168.10.66/phd_2_12''>http://192.168.10.66/phd_2_12</a>', 'SMTP Error: Could not connect to SMTP host.');
INSERT INTO `e_mail_error` VALUES('2014-12-17 14:38:34', 'LUNA CASTILLO ANIBAL', 'sistemas.alc@realsa.co', 'CARO LLERENA JAVIER', 'despachos@realsa.co', 'Alta en PHD Help Desk', '<div style=''text-align:center''><img style=''text-align:center'' src=''cid:PHD'' alt=''phd help desk'' border=0 /></div><br /><br />Ha sido dado de alta en PHD Help Desk. <br />Su usuario es: <strong>despachos</strong> y su contrasea: <strong>dszijm91</strong> <br /><br />El sistema le solicitar que cambie esta contrasea una vez que haya ingresado. <br /><br />Ingrese en: <a href=''http://192.168.10.66/phd_2_12''>http://192.168.10.66/phd_2_12</a>', 'SMTP Error: Could not connect to SMTP host.');
INSERT INTO `e_mail_error` VALUES('2014-12-18 09:15:48', 'FUENTES  MEDINA MICHEL', 'sales@realsa.co', 'FABIAN OROZCO MARTINEZ', 'mantenimiento@realsa.co', 'Aviso: se asign el ticket #8 a (jmto) - FABIAN OROZCO MARTINEZ', '<div style=''text-align:center''><img style=''text-align:center'' src=''cid:PHD'' alt=''phd help desk'' border=0 /></div><br /><br /><b>Ticket:</b> #8    <b>Fecha:</b> 18/12/2014 09:14:32     <b>Area:</b> 019    <b>Piso:</b> 01 <br /><b>Usuario:</b> (lencapsulado) - ACEVEDO BLANQUICET CESAR    <b>Telfono:</b> Ext 106 <br /> <br /><b>Incidente:</b> dao en la malla de la cuna del cedazo 2 <br /><br />', 'SMTP Error: Could not connect to SMTP host.');
INSERT INTO `e_mail_error` VALUES('2014-12-18 09:55:42', 'FUENTES  MEDINA MICHEL', 'sales@realsa.co', 'FABIAN OROZCO MARTINEZ', 'mantenimiento@realsa.co', 'Aviso: se asign el ticket #9 a (jmto) - FABIAN OROZCO MARTINEZ', '<div style=''text-align:center''><img style=''text-align:center'' src=''cid:PHD'' alt=''phd help desk'' border=0 /></div><br /><br /><b>Ticket:</b> #9    <b>Fecha:</b> 18/12/2014 09:54:37     <b>Area:</b> 017    <b>Piso:</b> 01 <br /><b>Usuario:</b> (lsales) - FUENTES MEDINA MICHEL    <b>Telfono:</b> Ext 106 <br /> <br /><b>Incidente:</b> dao en el spray Dryer 3 valvula estrella <br /><br />', 'SMTP Error: Could not connect to SMTP host.');
INSERT INTO `e_mail_error` VALUES('2014-12-18 09:55:42', 'FUENTES  MEDINA MICHEL', 'sales@realsa.co', 'FABIAN OROZCO MARTINEZ', 'mantenimiento@realsa.co', 'Aviso: se asign el ticket #10 a (jmto) - FABIAN OROZCO MARTINEZ', '<div style=''text-align:center''><img style=''text-align:center'' src=''cid:PHD'' alt=''phd help desk'' border=0 /></div><br /><br /><b>Ticket:</b> #10    <b>Fecha:</b> 18/12/2014 09:54:37     <b>Area:</b> 017    <b>Piso:</b> 01 <br /><b>Usuario:</b> (lsales) - FUENTES MEDINA MICHEL    <b>Telfono:</b> Ext 106 <br /> <br /><b>Incidente:</b> dao en el spray Dryer 3 valvula estrella <br /><br />', 'SMTP Error: Could not connect to SMTP host.');
INSERT INTO `e_mail_error` VALUES('2014-12-18 16:51:21', 'LUNA CASTILLO ANIBAL', 'sistemas.alc@realsa.co', 'FABIAN OROZCO MARTINEZ', 'mantenimiento@realsa.co', 'Aviso: se asign el ticket #11 a (jmto) - FABIAN OROZCO MARTINEZ', '<div style=''text-align:center''><img style=''text-align:center'' src=''cid:PHD'' alt=''phd help desk'' border=0 /></div><br /><br /><b>Ticket:</b> #11    <b>Fecha:</b> 18/12/2014 16:48:28     <b>Area:</b> 002    <b>Piso:</b> 02 <br /><b>Usuario:</b> (systems) - LUNA CASTILLO ANIBAL    <b>Telfono:</b> 3172811574 <br /> <br /><b>Incidente:</b> La lampara del cuarto del servidor no enciende <br /><br /><b>18/12/2014 16:51  - (esistemas)</b> - no veo respuesta <br /><br />', 'SMTP Error: Could not connect to SMTP host.');
INSERT INTO `e_mail_error` VALUES('2014-12-19 08:44:54', 'FUENTES  MEDINA MICHEL', 'sales@realsa.co', 'FABIAN OROZCO MARTINEZ', 'mantenimiento@realsa.co', 'Aviso: se asign el ticket #12 a (jmto) - FABIAN OROZCO MARTINEZ', '<div style=''text-align:center''><img style=''text-align:center'' src=''cid:PHD'' alt=''phd help desk'' border=0 /></div><br /><br /><b>Ticket:</b> #12    <b>Fecha:</b> 19/12/2014 08:44:03     <b>Area:</b> 017    <b>Piso:</b> 01 <br /><b>Usuario:</b> (lsales) - FUENTES MEDINA MICHEL    <b>Telfono:</b> Ext 106 <br /> <br /><b>Incidente:</b> cabio valvula R25 <br /><br />', 'SMTP Error: Could not connect to SMTP host.');
INSERT INTO `e_mail_error` VALUES('2014-12-19 11:31:00', 'LUNA CASTILLO ANIBAL', 'sistemas.alc@realsa.co', 'TORRES QUINTANA JORGE', 'no@aplica.com', 'Nueva contrasea para PHD Help Desk', '<div style=''text-align:center''><img style=''text-align:center'' src=''cid:PHD'' alt=''phd help desk'' border=0 /></div><br /><br />Se ha modificado su contrasea en PHD Help Desk. <br />Su usuario es: <strong>electromecanico</strong> y su contrasea: <strong>dh738gk6</strong> <br /> <br />El sistema le solicitar que cambie esta contrasea una vez que haya ingresado. <br /><br />Ingrese en: <a href=''http://192.168.10.66/phd_2_12/index.php''>http://192.168.10.66/phd_2_12/index.php</a>', 'SMTP Error: Could not connect to SMTP host.');
INSERT INTO `e_mail_error` VALUES('2014-12-19 13:11:31', 'LUNA CASTILLO ANIBAL', 'sistemas.alc@realsa.co', 'FABIAN OROZCO MARTINEZ', 'mantenimiento@realsa.co', 'Aviso: se asign el ticket #13 a (jmto) - FABIAN OROZCO MARTINEZ', '<div style=''text-align:center''><img style=''text-align:center'' src=''cid:PHD'' alt=''phd help desk'' border=0 /></div><br /><br /><b>Ticket:</b> #13    <b>Fecha:</b> 19/12/2014 13:11:25     <b>Area:</b> 018    <b>Piso:</b> 01 <br /><b>Usuario:</b> (lemulsificantes) - CARDONA ALVEAR MIGUEL    <b>Telfono:</b> Ext 106 <br /> <br /><b>Incidente:</b> El cuarto de cedazo se le dano el tanque <br /><br />', 'SMTP Error: Could not connect to SMTP host.');
INSERT INTO `e_mail_error` VALUES('2014-12-19 13:13:21', 'LUNA CASTILLO ANIBAL', 'sistemas.alc@realsa.co', 'BARRIOS MORALES  JULIO', 'no@aplica.com', 'Nueva contrasea para PHD Help Desk', '<div style=''text-align:center''><img style=''text-align:center'' src=''cid:PHD'' alt=''phd help desk'' border=0 /></div><br /><br />Se ha modificado su contrasea en PHD Help Desk. <br />Su usuario es: <strong>soldador1</strong> y su contrasea: <strong>7b3s7noh</strong> <br /> <br />El sistema le solicitar que cambie esta contrasea una vez que haya ingresado. <br /><br />Ingrese en: <a href=''http://192.168.10.66/phd_2_12/index.php''>http://192.168.10.66/phd_2_12/index.php</a>', 'SMTP Error: Could not connect to SMTP host.');
INSERT INTO `e_mail_error` VALUES('2014-12-20 10:25:05', 'LUNA CASTILLO ANIBAL', 'sistemas.alc@realsa.co', 'FABIAN OROZCO MARTINEZ', 'mantenimiento@realsa.co', 'Aviso: se asign el ticket #14 a (jmto) - FABIAN OROZCO MARTINEZ', '<div style=''text-align:center''><img style=''text-align:center'' src=''cid:PHD'' alt=''phd help desk'' border=0 /></div><br /><br /><b>Ticket:</b> #14    <b>Fecha:</b> 20/12/2014 10:25:01     <b>Area:</b> 017    <b>Piso:</b> 01 <br /><b>Usuario:</b> (lsales) - FUENTES MEDINA MICHEL    <b>Telfono:</b> Ext 106 <br /> <br /><b>Incidente:</b> dao en reactor 4 dao no identificado <br /><br />', 'SMTP Error: Could not connect to SMTP host.');
INSERT INTO `e_mail_error` VALUES('2014-12-20 10:55:01', 'LUNA CASTILLO ANIBAL', 'sistemas.alc@realsa.co', 'FABIAN OROZCO MARTINEZ', 'mantenimiento@realsa.co', 'Aviso: se asign el ticket #15 a (jmto) - FABIAN OROZCO MARTINEZ', '<div style=''text-align:center''><img style=''text-align:center'' src=''cid:PHD'' alt=''phd help desk'' border=0 /></div><br /><br /><b>Ticket:</b> #15    <b>Fecha:</b> 20/12/2014 10:54:57     <b>Area:</b> 017    <b>Piso:</b> 01 <br /><b>Usuario:</b> (lsales) - FUENTES MEDINA MICHEL    <b>Telfono:</b> Ext 106 <br /> <br /><b>Incidente:</b> dao en spray dryer 2 <br /><br />', 'SMTP Error: Could not connect to SMTP host.');
INSERT INTO `e_mail_error` VALUES('2014-12-26 08:49:54', 'LUNA CASTILLO ANIBAL', 'sistemas.alc@realsa.co', 'FABIAN OROZCO MARTINEZ', 'mantenimiento@realsa.co', 'Aviso: se asign el ticket #1 a (jmto) - FABIAN OROZCO MARTINEZ', '<div style=''text-align:center''><img style=''text-align:center'' src=''cid:PHD'' alt=''phd help desk'' border=0 /></div><br /><br /><b>Ticket:</b> #1    <b>Fecha:</b> 26/12/2014 08:48:31     <b>Area:</b> 017    <b>Piso:</b> 01 <br /><b>Usuario:</b> (lsales) - FUENTES MEDINA MICHEL    <b>Telfono:</b> Ext 106 <br /> <br /><b>Incidente:</b> EL SPRAY DRYER 3 SE DAO LA BLOWER <br /><br />', 'SMTP Error: Could not connect to SMTP host.');
INSERT INTO `e_mail_error` VALUES('2014-12-28 15:53:34', 'LUNA CASTILLO ANIBAL', 'sistemas.alc@realsa.co', 'FABIAN OROZCO MARTINEZ', 'mantenimiento@realsa.co', 'Aviso: se asign el ticket #2 a (jmto) - FABIAN OROZCO MARTINEZ', '<div style=''text-align:center''><img style=''text-align:center'' src=''cid:PHD'' alt=''phd help desk'' border=0 /></div><br /><br /><b>Ticket:</b> #2    <b>Fecha:</b> 28/12/2014 17:53:06     <b>Area:</b> 017    <b>Piso:</b> 01 <br /><b>Usuario:</b> (lsales) - FUENTES MEDINA MICHEL    <b>Telfono:</b> Ext 106 <br /> <br /><b>Incidente:</b> jdjdjd <br /><br />', 'SMTP Error: Could not authenticate.');
INSERT INTO `e_mail_error` VALUES('2014-12-28 16:11:59', 'FABIAN OROZCO MARTINEZ', 'mantenimiento@realsa.co', 'LOPEZ FLOREZ KETTY PATRICIA', 'compras@realsa.co', 'Alta en PHD Help Desk', '<div style=''text-align:center''><img style=''text-align:center'' src=''cid:PHD'' alt=''phd help desk'' border=0 /></div><br /><br />Ha sido dado de alta en PHD Help Desk. <br />Su usuario es: <strong>compras</strong> y su contrasea: <strong>rjductl4</strong> <br /><br />El sistema le solicitar que cambie esta contrasea una vez que haya ingresado. <br /><br />Ingrese en: <a href=''http://ingredsoft.co/webphd''>http://ingredsoft.co/webphd</a>', 'SMTP Error: Could not authenticate.');
INSERT INTO `e_mail_error` VALUES('2014-12-28 18:08:04', 'CARDONA ALVEAR MIGUEL', 'liderdeemulsificantes@realsa.co', 'FABIAN OROZCO MARTINEZ', 'mantenimiento@realsa.co', 'Aviso: se asign el ticket #3 a (jmto) - FABIAN OROZCO MARTINEZ', '<div style=''text-align:center''><img style=''text-align:center'' src=''cid:PHD'' alt=''phd help desk'' border=0 /></div><br /><br /><b>Ticket:</b> #3    <b>Fecha:</b> 28/12/2014 20:06:52     <b>Area:</b> 018    <b>Piso:</b> 01 <br /><b>Usuario:</b> (lemulsificantes) - CARDONA ALVEAR MIGUEL    <b>Telfono:</b> Ext 106 <br /> <br /><b>Incidente:</b> El reactor 4 tiene el serpentin con fisura <br /><br />', 'SMTP Error: Could not authenticate.');
INSERT INTO `e_mail_error` VALUES('2014-12-28 18:23:03', 'ACEVEDO BLANQUICET CESAR', 'liderdeencapsulados@realsa.co', 'FABIAN OROZCO MARTINEZ', 'mantenimiento@realsa.co', 'Aviso: se asign el ticket #4 a (jmto) - FABIAN OROZCO MARTINEZ', '<div style=''text-align:center''><img style=''text-align:center'' src=''cid:PHD'' alt=''phd help desk'' border=0 /></div><br /><br /><b>Ticket:</b> #4    <b>Fecha:</b> 28/12/2014 20:22:00     <b>Area:</b> 019    <b>Piso:</b> 01 <br /><b>Usuario:</b> (lencapsulado) - ACEVEDO BLANQUICET CESAR    <b>Telfono:</b> Ext 106 <br /> <br /><b>Incidente:</b> Reparar bomba centrifuga <br /><br />', 'SMTP Error: Could not authenticate.');
INSERT INTO `e_mail_error` VALUES('2014-12-29 05:47:12', 'LUNA CASTILLO ANIBAL', 'sistemas.alc@realsa.co', 'CABARCAS CASTELLAR LIDIA DEL CARMEN', 'inventarios@realsa.co', 'Alta en PHD Help Desk', '<div style=''text-align:center''><img style=''text-align:center'' src=''cid:PHD'' alt=''phd help desk'' border=0 /></div><br /><br />Ha sido dado de alta en PHD Help Desk. <br />Su usuario es: <strong>inventarios</strong> y su contrasea: <strong>7vu3bii</strong> <br /><br />El sistema le solicitar que cambie esta contrasea una vez que haya ingresado. <br /><br />Ingrese en: <a href=''http://ingredsoft.co/webphd''>http://ingredsoft.co/webphd</a>', 'SMTP Error: Could not authenticate.');
INSERT INTO `e_mail_error` VALUES('2014-12-29 05:47:28', 'LUNA CASTILLO ANIBAL', 'sistemas.alc@realsa.co', 'LOPEZ FLOREZ KETTY PATRICIA', 'compras@realsa.co', 'Nueva contrasea para PHD Help Desk', '<div style=''text-align:center''><img style=''text-align:center'' src=''cid:PHD'' alt=''phd help desk'' border=0 /></div><br /><br />Se ha modificado su contrasea en PHD Help Desk. <br />Su usuario es: <strong>compras</strong> y su contrasea: <strong>cxfxtx7o</strong> <br /> <br />El sistema le solicitar que cambie esta contrasea una vez que haya ingresado. <br /><br />Ingrese en: <a href=''http://ingredsoft.co/webphd/index.php''>http://ingredsoft.co/webphd/index.php</a>', 'SMTP Error: Could not authenticate.');
INSERT INTO `e_mail_error` VALUES('2014-12-29 05:48:32', 'LUNA CASTILLO ANIBAL', 'sistemas.alc@realsa.co', 'CABARCAS CASTELLAR LIDIA DEL CARMEN', 'inventarios@realsa.co', 'Nueva contrasea para PHD Help Desk', '<div style=''text-align:center''><img style=''text-align:center'' src=''cid:PHD'' alt=''phd help desk'' border=0 /></div><br /><br />Se ha modificado su contrasea en PHD Help Desk. <br />Su usuario es: <strong>inventarios</strong> y su contrasea: <strong>2o3e2ok1</strong> <br /> <br />El sistema le solicitar que cambie esta contrasea una vez que haya ingresado. <br /><br />Ingrese en: <a href=''http://ingredsoft.co/webphd/index.php''>http://ingredsoft.co/webphd/index.php</a>', 'SMTP Error: Could not authenticate.');
INSERT INTO `e_mail_error` VALUES('2014-12-29 05:51:03', 'Nueva contrasea', 'sistemas.alc@realsa.co', 'RIVERA COGOLLO JHON', 'no@aplica.com', 'Nueva contrasea para PHD Help Desk', '<div style=''text-align:center''><img style=''text-align:center'' src=''cid:PHD'' alt=''phd help desk'' border=0 /></div><br /><br />Se ha modificado su contrasea en PHD Help Desk. <br /> <br />Su usuario es: <strong>soldador2</strong> y su contrasea: <strong>imw1i79s</strong> <br /> <br />El sistema le solicitar que cambie esta contrasea una vez que haya ingresado. <br /><br />Ingrese en: <a href=''http://ingredsoft.co/webphd/index.php''>http://ingredsoft.co/webphd/index.php</a>', 'SMTP Error: Could not authenticate.');
INSERT INTO `e_mail_error` VALUES('2014-12-29 05:51:34', 'LUNA CASTILLO ANIBAL', 'sistemas.alc@realsa.co', 'RIVERA COGOLLO JHON', 'no@aplica.com', 'Nueva contrasea para PHD Help Desk', '<div style=''text-align:center''><img style=''text-align:center'' src=''cid:PHD'' alt=''phd help desk'' border=0 /></div><br /><br />Se ha modificado su contrasea en PHD Help Desk. <br />Su usuario es: <strong>soldador2</strong> y su contrasea: <strong>hkgq38ua</strong> <br /> <br />El sistema le solicitar que cambie esta contrasea una vez que haya ingresado. <br /><br />Ingrese en: <a href=''http://ingredsoft.co/webphd/index.php''>http://ingredsoft.co/webphd/index.php</a>', 'SMTP Error: Could not authenticate.');
INSERT INTO `e_mail_error` VALUES('2014-12-29 06:08:06', 'LUNA CASTILLO ANIBAL', 'sistemas.alc@realsa.co', 'VITOLA GOMEZ RODGERS', 'financiera@realsa.co', 'Alta en PHD Help Desk', '<div style=''text-align:center''><img style=''text-align:center'' src=''cid:PHD'' alt=''phd help desk'' border=0 /></div><br /><br />Ha sido dado de alta en PHD Help Desk. <br />Su usuario es: <strong>financiera</strong> y su contrasea: <strong>8rh3yd7</strong> <br /><br />El sistema le solicitar que cambie esta contrasea una vez que haya ingresado. <br /><br />Ingrese en: <a href=''http://ingredsoft.co/webphd''>http://ingredsoft.co/webphd</a>', 'SMTP Error: Could not authenticate.');
INSERT INTO `e_mail_error` VALUES('2014-12-29 06:10:38', 'LUNA CASTILLO ANIBAL', 'sistemas.alc@realsa.co', 'PRACTICANTE SENA', 'no@aplica.com', 'Alta en PHD Help Desk', '<div style=''text-align:center''><img style=''text-align:center'' src=''cid:PHD'' alt=''phd help desk'' border=0 /></div><br /><br />Ha sido dado de alta en PHD Help Desk. <br />Su usuario es: <strong>practicante</strong> y su contrasea: <strong>vav3veia</strong> <br /><br />El sistema le solicitar que cambie esta contrasea una vez que haya ingresado. <br /><br />Ingrese en: <a href=''http://ingredsoft.co/webphd''>http://ingredsoft.co/webphd</a>', 'SMTP Error: Could not authenticate.');
INSERT INTO `e_mail_error` VALUES('2014-12-29 06:14:17', 'LUNA CASTILLO ANIBAL', 'sistemas.alc@realsa.co', 'RUMIE DE CASTILLO JORGE ENRIQUE', 'jer@realsa.co', 'Alta en PHD Help Desk', '<div style=''text-align:center''><img style=''text-align:center'' src=''cid:PHD'' alt=''phd help desk'' border=0 /></div><br /><br />Ha sido dado de alta en PHD Help Desk. <br />Su usuario es: <strong>gerencia</strong> y su contrasea: <strong>rs4598t5</strong> <br /><br />El sistema le solicitar que cambie esta contrasea una vez que haya ingresado. <br /><br />Ingrese en: <a href=''http://ingredsoft.co/webphd''>http://ingredsoft.co/webphd</a>', 'SMTP Error: Could not authenticate.');
INSERT INTO `e_mail_error` VALUES('2014-12-29 07:10:54', 'FUENTES  MEDINA MICHEL', 'sales@realsa.co', 'FABIAN OROZCO MARTINEZ', 'mantenimiento@realsa.co', 'Aviso: se asign el ticket #5 a (jmto) - FABIAN OROZCO MARTINEZ', '<div style=''text-align:center''><img style=''text-align:center'' src=''cid:PHD'' alt=''phd help desk'' border=0 /></div><br /><br /><b>Ticket:</b> #5    <b>Fecha:</b> 29/12/2014 09:10:22     <b>Area:</b> 017    <b>Piso:</b> 01 <br /><b>Usuario:</b> (lsales) - FUENTES MEDINA MICHEL    <b>Telfono:</b> Ext 106 <br /> <br /><b>Incidente:</b> reparar blower sp 3 <br /><br />', 'SMTP Error: Could not authenticate.');
INSERT INTO `e_mail_error` VALUES('2014-12-29 09:11:41', 'LUNA CASTILLO ANIBAL', 'sistemas.alc@realsa.co', 'FABIAN OROZCO MARTINEZ', 'mantenimiento@realsa.co', 'Aviso: se asign el ticket #6 a (jmto) - FABIAN OROZCO MARTINEZ', '<div style=''text-align:center''><img style=''text-align:center'' src=''cid:PHD'' alt=''phd help desk'' border=0 /></div><br /><br /><b>Ticket:</b> #6    <b>Fecha:</b> 29/12/2014 11:09:23     <b>Area:</b> 005    <b>Piso:</b> 02 <br /><b>Usuario:</b> (administrativa) - BARRAGAN ECHEVERRIA JUAN CARLOS    <b>Telfono:</b> 204 <br /> <br /><b>Incidente:</b> Algo salio mal, y ahora no funciona el reactor 2 <br /><br /><b>29/12/2014 09:11  - (esistemas)</b> - Por favor resolver cuanto antes.\n<br /><br />', 'SMTP Error: Could not authenticate.');
INSERT INTO `e_mail_error` VALUES('2014-12-29 10:12:21', 'FABIAN OROZCO MARTINEZ', 'mantenimiento@realsa.co', 'FABIAN OROZCO MARTINEZ', 'mantenimiento@realsa.co', 'Aviso: se asign el ticket #1 a (jmto) - FABIAN OROZCO MARTINEZ', '<div style=''text-align:center''><img style=''text-align:center'' src=''cid:PHD'' alt=''phd help desk'' border=0 /></div><br /><br /><b>Ticket:</b> #1    <b>Fecha:</b> 29/12/2014 12:10:17     <b>Area:</b> 004    <b>Piso:</b> 02 <br /><b>Usuario:</b> (compras) - LOPEZ FLOREZ KETTY PATRICIA    <b>Telfono:</b> Ext 206 <br /> <br /><b>Incidente:</b> Se dao el reactor #20 por favor corregir <br /><br /><b>29/12/2014 10:12  - (jmto)</b> - Se necesita arreglar urgente. <br /><br\n/>', 'SMTP Error: Could not authenticate.');
INSERT INTO `e_mail_error` VALUES('2014-12-29 11:31:31', 'BARRAGAN ECHEVERRIA JUAN CARLOS', 'administrativa@realsa.co', 'FABIAN OROZCO MARTINEZ', 'mantenimiento@realsa.co', 'Aviso: se asign el ticket #2 a (jmto) - FABIAN OROZCO MARTINEZ', '<div style=''text-align:center''><img style=''text-align:center'' src=''cid:PHD'' alt=''phd help desk'' border=0 /></div><br /><br /><b>Ticket:</b> #2    <b>Fecha:</b> 29/12/2014 13:30:50     <b>Area:</b> 005    <b>Piso:</b> 02 <br /><b>Usuario:</b> (administrativa) - BARRAGAN ECHEVERRIA JUAN CARLOS    <b>Telfono:</b> 204 <br /> <br /><b>Incidente:</b> A mi escritorio se le doblo una pata metalica <br /><br />', 'SMTP Error: Could not authenticate.');
INSERT INTO `e_mail_error` VALUES('2014-12-29 14:24:39', 'FUENTES  MEDINA MICHEL', 'sales@realsa.co', 'FABIAN OROZCO MARTINEZ', 'mantenimiento@realsa.co', 'Aviso: se asign el ticket #3 a (jmto) - FABIAN OROZCO MARTINEZ', '<div style=''text-align:center''><img style=''text-align:center'' src=''cid:PHD'' alt=''phd help desk'' border=0 /></div><br /><br /><b>Ticket:</b> #3    <b>Fecha:</b> 29/12/2014 16:24:08     <b>Area:</b> 017    <b>Piso:</b> 01 <br /><b>Usuario:</b> (lsales) - FUENTES MEDINA MICHEL    <b>Telfono:</b> Ext 106 <br /> <br /><b>Incidente:</b> dano en el sp1 colector <br /><br />', 'SMTP Error: Could not connect to SMTP host.');
INSERT INTO `e_mail_error` VALUES('2014-12-29 14:43:27', 'BARRAGAN ECHEVERRIA JUAN CARLOS', 'administrativa@realsa.co', 'FABIAN OROZCO MARTINEZ', 'mantenimiento@realsa.co', 'Aviso: se asign el ticket #4 a (jmto) - FABIAN OROZCO MARTINEZ', '<div style=''text-align:center''><img style=''text-align:center'' src=''cid:PHD'' alt=''phd help desk'' border=0 /></div><br /><br /><b>Ticket:</b> #4    <b>Fecha:</b> 29/12/2014 16:43:03     <b>Area:</b> 005    <b>Piso:</b> 02 <br /><b>Usuario:</b> (administrativa) - BARRAGAN ECHEVERRIA JUAN CARLOS    <b>Telfono:</b> 204 <br /> <br /><b>Incidente:</b> el aire de la oficina no enciende <br /><br />', 'SMTP Error: Could not authenticate.');
INSERT INTO `e_mail_error` VALUES('2014-12-29 15:01:16', 'CABARCAS CASTELLAR LIDIA DEL CARMEN', 'inventarios@realsa.co', 'FABIAN OROZCO MARTINEZ', 'mantenimiento@realsa.co', 'Aviso: se asign el ticket #5 a (jmto) - FABIAN OROZCO MARTINEZ', '<div style=''text-align:center''><img style=''text-align:center'' src=''cid:PHD'' alt=''phd help desk'' border=0 /></div><br /><br /><b>Ticket:</b> #5    <b>Fecha:</b> 29/12/2014 17:00:06     <b>Area:</b> 003    <b>Piso:</b> 02 <br /><b>Usuario:</b> (inventarios) - CABARCAS CASTELLAR LIDIA DEL CARMEN    <b>Telfono:</b> Ext 207 <br /> <br /><b>Incidente:</b> el tanque 1 de propionico tiene una fuga <br /><br />', 'SMTP Error: Could not authenticate.');
INSERT INTO `e_mail_error` VALUES('2014-12-29 16:42:41', 'LOPEZ FLOREZ KETTY PATRICIA', 'compras@realsa.co', 'FABIAN OROZCO MARTINEZ', 'mantenimiento@realsa.co', 'Aviso: se asign el ticket #6 a (jmto) - FABIAN OROZCO MARTINEZ', '<div style=''text-align:center''><img style=''text-align:center'' src=''cid:PHD'' alt=''phd help desk'' border=0 /></div><br /><br /><b>Ticket:</b> #6    <b>Fecha:</b> 29/12/2014 18:41:29     <b>Area:</b> 004    <b>Piso:</b> 02 <br /><b>Usuario:</b> (compras) - LOPEZ FLOREZ KETTY PATRICIA    <b>Telfono:</b> Ext 206 <br /> <br /><b>Incidente:</b> el toma corriente de mi puesto no funciona <br /><br />', 'SMTP Error: Could not authenticate.');
INSERT INTO `e_mail_error` VALUES('2014-12-29 17:09:04', 'TABORDA PUELLO VICTOR MANUEL', 'calidad@realsa.co', 'FABIAN OROZCO MARTINEZ', 'mantenimiento@realsa.co', 'Aviso: se asign el ticket #7 a (jmto) - FABIAN OROZCO MARTINEZ', '<div style=''text-align:center''><img style=''text-align:center'' src=''cid:PHD'' alt=''phd help desk'' border=0 /></div><br /><br /><b>Ticket:</b> #7    <b>Fecha:</b> 29/12/2014 19:03:41     <b>Area:</b> 015    <b>Piso:</b> 01 <br /><b>Usuario:</b> (calidad) - TABORDA PUELLO VICTOR MANUEL    <b>Telfono:</b> Ext 103 <br /> <br /><b>Incidente:</b> el aire del laboratorio de investigacion y desarrollo no esta echando mucho aire <br /><br />', 'SMTP Error: Could not authenticate.');
INSERT INTO `e_mail_error` VALUES('2014-12-30 08:31:13', 'TABORDA PUELLO VICTOR MANUEL', 'calidad@realsa.co', 'FABIAN OROZCO MARTINEZ', 'mantenimiento@realsa.co', 'Aviso: se asign el ticket #8 a (jmto) - FABIAN OROZCO MARTINEZ', '<div style=''text-align:center''><img style=''text-align:center'' src=''cid:PHD'' alt=''phd help desk'' border=0 /></div><br /><br /><b>Ticket:</b> #8    <b>Fecha:</b> 30/12/2014 10:27:35     <b>Area:</b> 015    <b>Piso:</b> 01 <br /><b>Usuario:</b> (ccalidad) - JARAMILLO GUARDO WILDA    <b>Telfono:</b> Ext 102 <br /> <br /><b>Incidente:</b> Se dao el reactor 1 <br /><br />', 'SMTP Error: Could not authenticate.');
INSERT INTO `e_mail_error` VALUES('2014-12-30 10:15:33', 'JARAMILLO GUARDO WILDA ROSA', 'controlcalidad@realsa.co', 'FABIAN OROZCO MARTINEZ', 'mantenimiento@realsa.co', 'Aviso: se asign el ticket #9 a (jmto) - FABIAN OROZCO MARTINEZ', '<div style=''text-align:center''><img style=''text-align:center'' src=''cid:PHD'' alt=''phd help desk'' border=0 /></div><br /><br /><b>Ticket:</b> #9    <b>Fecha:</b> 30/12/2014 12:13:59     <b>Area:</b> 015    <b>Piso:</b> 01 <br /><b>Usuario:</b> (ccalidad) - JARAMILLO GUARDO WILDA    <b>Telfono:</b> Ext 102 <br /> <br /><b>Incidente:</b> cambiar puertas gabinete laboratorio calidad <br /><br />', 'SMTP Error: Could not authenticate.');
INSERT INTO `e_mail_error` VALUES('2014-12-30 11:05:20', 'CARDENAS RIVERAS AURY ESTELLA', 'investigacionydesarrolo@realsa.co', 'FABIAN OROZCO MARTINEZ', 'mantenimiento@realsa.co', 'Aviso: se asign el ticket #10 a (jmto) - FABIAN OROZCO MARTINEZ', '<div style=''text-align:center''><img style=''text-align:center'' src=''cid:PHD'' alt=''phd help desk'' border=0 /></div><br /><br /><b>Ticket:</b> #10    <b>Fecha:</b> 30/12/2014 13:04:40     <b>Area:</b> 014    <b>Piso:</b> 01 <br /><b>Usuario:</b> (id) - CARDENAS AURY ESTELLA    <b>Telfono:</b> 104 <br /> <br /><b>Incidente:</b> el aire del laboratorio de id no funciona <br /><br />', 'SMTP Error: Could not authenticate.');
INSERT INTO `e_mail_error` VALUES('2014-12-30 11:15:38', 'FABIAN OROZCO MARTINEZ', 'mantenimiento@realsa.co', 'PRACTICANTE SENA', 'no@aplica.com', 'Nueva contrasea para PHD Help Desk', '<div style=''text-align:center''><img style=''text-align:center'' src=''cid:PHD'' alt=''phd help desk'' border=0 /></div><br /><br />Se ha modificado su contrasea en PHD Help Desk. <br />Su usuario es: <strong>practicante</strong> y su contrasea: <strong>z4a64gc9</strong> <br /> <br />El sistema le solicitar que cambie esta contrasea una vez que haya ingresado. <br /><br />Ingrese en: <a href=''http://ingredsoft.co/webphd/index.php''>http://ingredsoft.co/webphd/index.php</a>', 'SMTP Error: Could not connect to SMTP host.');
INSERT INTO `e_mail_error` VALUES('2014-12-30 11:34:39', 'TABORDA PUELLO VICTOR MANUEL', 'calidad@realsa.co', 'FABIAN OROZCO MARTINEZ', 'mantenimiento@realsa.co', 'Aviso: se asign el ticket #11 a (jmto) - FABIAN OROZCO MARTINEZ', '<div style=''text-align:center''><img style=''text-align:center'' src=''cid:PHD'' alt=''phd help desk'' border=0 /></div><br /><br /><b>Ticket:</b> #11    <b>Fecha:</b> 30/12/2014 13:33:38     <b>Area:</b> 015    <b>Piso:</b> 01 <br /><b>Usuario:</b> (calidad) - TABORDA PUELLO VICTOR MANUEL    <b>Telfono:</b> Ext 103 <br /> <br /><b>Incidente:</b> Reparacion gato hidraulico puerta de acceso laboratorio de calidad <br /><br />', 'SMTP Error: Could not connect to SMTP host.');
INSERT INTO `e_mail_error` VALUES('2014-12-30 11:37:03', 'FABIAN OROZCO MARTINEZ', 'mantenimiento@realsa.co', 'PEREZ ORTIZ ALFREDO', 'no@aplica.com', 'Nueva contrasea para PHD Help Desk', '<div style=''text-align:center''><img style=''text-align:center'' src=''cid:PHD'' alt=''phd help desk'' border=0 /></div><br /><br />Se ha modificado su contrasea en PHD Help Desk. <br />Su usuario es: <strong>conductor</strong> y su contrasea: <strong>k5wl2rvy</strong> <br /> <br />El sistema le solicitar que cambie esta contrasea una vez que haya ingresado. <br /><br />Ingrese en: <a href=''http://ingredsoft.co/webphd/index.php''>http://ingredsoft.co/webphd/index.php</a>', 'SMTP Error: Could not connect to SMTP host.');
INSERT INTO `e_mail_error` VALUES('2014-12-30 12:50:48', 'FABIAN OROZCO MARTINEZ', 'mantenimiento@realsa.co', 'FABIAN OROZCO MARTINEZ', 'mantenimiento@realsa.co', 'Aviso: se asign el ticket #2 a (jmto) - FABIAN OROZCO MARTINEZ', '<div style=''text-align:center''><img style=''text-align:center'' src=''cid:PHD'' alt=''phd help desk'' border=0 /></div><br /><br /><b>Ticket:</b> #2    <b>Fecha:</b> 30/12/2014 14:49:09     <b>Area:</b> 007    <b>Piso:</b> 02 <br /><b>Usuario:</b> (despachos) - CARO LLERENA JAVIER    <b>Telfono:</b> Ext 218 <br /> <br /><b>Incidente:</b> -an-dfmas.mdas.d.asmd-a,.s <br /><br />', 'SMTP Error: Could not authenticate.');
INSERT INTO `e_mail_error` VALUES('2014-12-30 12:52:34', 'LUNA CASTILLO ANIBAL', 'sistemas.alc@realsa.co', 'FABIAN OROZCO MARTINEZ', 'mantenimiento@realsa.co', 'Aviso: se asign el ticket #3 a (jmto) - FABIAN OROZCO MARTINEZ', '<div style=''text-align:center''><img style=''text-align:center'' src=''cid:PHD'' alt=''phd help desk'' border=0 /></div><br /><br /><b>Ticket:</b> #3    <b>Fecha:</b> 30/12/2014 14:52:25     <b>Area:</b> 002    <b>Piso:</b> 02 <br /><b>Usuario:</b> (systems) - LUNA CASTILLO ANIBAL    <b>Telfono:</b> 3172811574 <br /> <br /><b>Incidente:</b> AFASF <br /><br />', 'SMTP Error: Could not authenticate.');

-- --------------------------------------------------------

--
-- Estructura de tabla para la tabla `hist_pass`
--

CREATE TABLE `hist_pass` (
  `operador_id` varchar(15) NOT NULL,
  `contrasenia` varchar(255) NOT NULL,
  `insert_oper` varchar(15) NOT NULL,
  `insert_datetime` datetime NOT NULL
) ENGINE=InnoDB DEFAULT CHARSET=latin1;

--
-- Volcar la base de datos para la tabla `hist_pass`
--

INSERT INTO `hist_pass` VALUES('esistemas', 'e552cdc64c82e37e8705202861f797a0', 'esistemas', '2014-12-09 13:36:38');
INSERT INTO `hist_pass` VALUES('administrativa', '6bf76546c6015311a5a2add5ca29db3f', 'administrativa', '2014-12-11 07:49:50');
INSERT INTO `hist_pass` VALUES('lsales', '36c9a2966245c963c34666393b065cd2', 'lsales', '2014-12-16 10:02:53');
INSERT INTO `hist_pass` VALUES('lemulsificantes', 'c731189e1f6f3740e18092570c585483', 'lemulsificantes', '2014-12-16 10:04:06');
INSERT INTO `hist_pass` VALUES('lencapsulados', 'dcd5b6aefe89bfd97fdf9857c6782852', 'lencapsulados', '2014-12-16 10:05:23');
INSERT INTO `hist_pass` VALUES('produccion', 'c6bbb61c3105ebddd6cfd3008158f913', 'produccion', '2014-12-17 14:34:27');
INSERT INTO `hist_pass` VALUES('calidad', '29fc4eb4d311cf6369107f6014d6b72a', 'calidad', '2014-12-17 14:35:18');
INSERT INTO `hist_pass` VALUES('laboratorio1', 'd76ae8c3c9f672949b1de35a81d13f2c', 'laboratorio1', '2014-12-17 14:36:14');
INSERT INTO `hist_pass` VALUES('laboratorio2', '44f91bc88b43c43af631fbceeec8f63b', 'laboratorio2', '2014-12-17 14:37:18');
INSERT INTO `hist_pass` VALUES('despachos', '004cc8164103135f8d0dee617ed22263', 'despachos', '2014-12-17 14:38:54');
INSERT INTO `hist_pass` VALUES('electromecanico', 'a1bf972e6459813d173d29af74bbeeda', 'electromecanico', '2014-12-19 11:31:17');
INSERT INTO `hist_pass` VALUES('soldador1', '58f0fd0815b046aee14524a2a5143657', 'soldador1', '2014-12-19 13:13:38');
INSERT INTO `hist_pass` VALUES('compras', '8d09ab7d20fd23fb6a4c03bb360f424a', 'compras', '2014-12-29 05:47:55');
INSERT INTO `hist_pass` VALUES('inventarios', '99899985bafbaf55915744fb163f27e5', 'inventarios', '2014-12-29 05:48:50');
INSERT INTO `hist_pass` VALUES('soldador2', 'b187dd1e03440986d588cb050aea79b1', 'soldador2', '2014-12-29 05:51:55');
INSERT INTO `hist_pass` VALUES('financiera', '1ed2c38e769ea7576b5afb84b3b3063f', 'financiera', '2014-12-29 06:08:23');
INSERT INTO `hist_pass` VALUES('practicante', '0aea4f56b5c88b302104e5d9dc94263a', 'practicante', '2014-12-29 06:10:59');
INSERT INTO `hist_pass` VALUES('gerencia', '8112eb6ee39ce4ee9ed7e635bb1dc2d8', 'gerencia', '2014-12-29 06:14:36');
INSERT INTO `hist_pass` VALUES('practicante', 'ea2511c759f802b7e5a6ebd1dbc58aa3', 'practicante', '2014-12-30 11:16:00');
INSERT INTO `hist_pass` VALUES('conductor', '931491367db1689a45bb796c57d7d90c', 'conductor', '2014-12-30 11:37:33');

-- --------------------------------------------------------

--
-- Estructura de tabla para la tabla `operador`
--

CREATE TABLE `operador` (
  `operador_id` varchar(15) NOT NULL,
  `ape_y_nom` varchar(40) NOT NULL,
  `sector_id` varchar(15) NOT NULL,
  `e_mail` varchar(60) NOT NULL,
  `contrasenia` varchar(255) NOT NULL,
  `privado` enum('S','N') NOT NULL DEFAULT 'S',
  `nivel` tinyint(4) NOT NULL DEFAULT '0',
  `expira_clave` date NOT NULL,
  `avisar_asignado` enum('S','N') NOT NULL DEFAULT 'N',
  `avisar_solicitud` enum('S','N') NOT NULL DEFAULT 'N',
  `insert_oper` varchar(15) NOT NULL,
  `insert_datetime` datetime NOT NULL,
  `update_oper` varchar(15) NOT NULL,
  `update_datetime` datetime NOT NULL,
  PRIMARY KEY (`operador_id`)
) ENGINE=InnoDB DEFAULT CHARSET=latin1;

--
-- Volcar la base de datos para la tabla `operador`
--

INSERT INTO `operador` VALUES('administrativa', 'BARRAGAN ECHEVERRIA JUAN CARLOS', '03', 'administrativa@realsa.co', 'e10adc3949ba59abbe56e057f20f883e', 'S', 10, '2015-02-09', 'N', 'N', 'esistemas', '2014-12-11 07:43:21', 'esistemas', '2014-12-16 10:09:02');
INSERT INTO `operador` VALUES('amto', 'CASALINS LOPEZ PEDRO ANTONIO', '01', 'amantenimiento@realsa.co', '003942df42c36560d3c0b026a2a546c0', 'S', 10, '2014-12-08', 'N', 'N', 'jmto', '2014-12-09 13:48:21', 'esistemas', '2014-12-16 10:08:41');
INSERT INTO `operador` VALUES('calidad', 'TABORDA PUELLO VICTOR MANUEL', '08', 'calidad@realsa.co', 'e10adc3949ba59abbe56e057f20f883e', 'S', 10, '2015-02-15', 'N', 'N', 'esistemas', '2014-12-17 14:34:57', 'calidad', '2014-12-17 14:35:18');
INSERT INTO `operador` VALUES('compras', 'LOPEZ FLOREZ KETTY PATRICIA', '11', 'compras@realsa.co', 'e10adc3949ba59abbe56e057f20f883e', 'S', 10, '2015-02-27', 'N', 'N', 'jmto', '2014-12-28 16:11:59', 'compras', '2014-12-29 05:47:55');
INSERT INTO `operador` VALUES('conductor', 'PEREZ ORTIZ ALFREDO', '01', 'no@aplica.com', 'e10adc3949ba59abbe56e057f20f883e', 'S', 10, '2015-02-28', 'N', 'N', 'esistemas', '2014-12-09 15:53:22', 'conductor', '2014-12-30 11:37:33');
INSERT INTO `operador` VALUES('contratista', 'CONTRATISTA', '01', 'no@aplica.com', '517594ad51f102c5617bff04f4e4f999', 'S', 10, '2014-12-10', 'N', 'N', 'jmto', '2014-12-11 08:58:05', 'esistemas', '2014-12-16 10:09:17');
INSERT INTO `operador` VALUES('despachos', 'CARO LLERENA JAVIER', '10', 'despachos@realsa.co', 'e10adc3949ba59abbe56e057f20f883e', 'S', 10, '2015-02-15', 'N', 'N', 'esistemas', '2014-12-17 14:38:34', 'despachos', '2014-12-17 14:38:54');
INSERT INTO `operador` VALUES('electromecanico', 'TORRES QUINTANA JORGE', '01', 'no@aplica.com', 'e10adc3949ba59abbe56e057f20f883e', 'S', 10, '2015-02-17', 'N', 'N', 'esistemas', '2014-12-09 15:47:31', 'electromecanico', '2014-12-19 11:31:17');
INSERT INTO `operador` VALUES('esistemas', 'LUNA CASTILLO ANIBAL', '02', 'sistemas.alc@realsa.co', '2c24878ad8b2e26392603dc700cb411f', 'S', 20, '2015-02-07', 'N', 'N', 'jmto', '2014-12-09 13:35:17', 'esistemas', '2014-12-16 10:10:41');
INSERT INTO `operador` VALUES('financiera', 'VITOLA GOMEZ RODGERS', '19', 'financiera@realsa.co', 'e10adc3949ba59abbe56e057f20f883e', 'S', 10, '2015-02-27', 'N', 'N', 'esistemas', '2014-12-29 06:08:06', 'financiera', '2014-12-29 06:08:23');
INSERT INTO `operador` VALUES('gerencia', 'RUMIE DE CASTILLO JORGE ENRIQUE', '20', 'jer@realsa.co', 'e10adc3949ba59abbe56e057f20f883e', 'S', 10, '2015-02-27', 'N', 'N', 'esistemas', '2014-12-29 06:14:17', 'gerencia', '2014-12-29 06:14:36');
INSERT INTO `operador` VALUES('inventarios', 'CABARCAS CASTELLAR LIDIA DEL CARMEN', '13', 'inventarios@realsa.co', 'e10adc3949ba59abbe56e057f20f883e', 'S', 10, '2015-02-27', 'N', 'N', 'esistemas', '2014-12-29 05:47:12', 'inventarios', '2014-12-29 05:48:50');
INSERT INTO `operador` VALUES('jmto', 'FABIAN OROZCO MARTINEZ', '01', 'mantenimiento@realsa.co', '9524b6c06acc2f88ae8de472733b6e9d', 'N', 20, '2015-01-08', 'S', 'S', 'SETUP', '2014-12-09 10:56:36', 'esistemas', '2014-12-16 10:20:33');
INSERT INTO `operador` VALUES('laboratorio1', 'JARAMILLO GUARDO WILDA ROSA', '09', 'controlcalidad@realsa.co', 'e10adc3949ba59abbe56e057f20f883e', 'S', 10, '2015-02-15', 'N', 'N', 'esistemas', '2014-12-17 14:35:57', 'laboratorio1', '2014-12-17 14:36:14');
INSERT INTO `operador` VALUES('laboratorio2', 'CARDENAS RIVERAS AURY ESTELLA', '09', 'investigacionydesarrolo@realsa.co', 'e10adc3949ba59abbe56e057f20f883e', 'S', 10, '2015-02-15', 'N', 'N', 'esistemas', '2014-12-17 14:36:59', 'laboratorio2', '2014-12-17 14:37:18');
INSERT INTO `operador` VALUES('lemulsificantes', 'CARDONA ALVEAR MIGUEL', '05', 'liderdeemulsificantes@realsa.co', 'e10adc3949ba59abbe56e057f20f883e', 'S', 10, '2015-02-14', 'N', 'N', 'esistemas', '2014-12-16 10:03:47', 'lemulsificantes', '2014-12-16 10:04:06');
INSERT INTO `operador` VALUES('lencapsulados', 'ACEVEDO BLANQUICET CESAR', '06', 'liderdeencapsulados@realsa.co', 'e10adc3949ba59abbe56e057f20f883e', 'S', 10, '2015-02-14', 'N', 'N', 'esistemas', '2014-12-16 10:04:56', 'lencapsulados', '2014-12-16 10:05:23');
INSERT INTO `operador` VALUES('lsales', 'FUENTES  MEDINA MICHEL', '04', 'sales@realsa.co', 'e10adc3949ba59abbe56e057f20f883e', 'S', 10, '2015-02-14', 'N', 'N', 'esistemas', '2014-12-16 10:02:26', 'lsales', '2014-12-16 10:02:53');
INSERT INTO `operador` VALUES('practicante', 'PRACTICANTE SENA', '01', 'no@aplica.com', 'e10adc3949ba59abbe56e057f20f883e', 'S', 10, '2015-02-28', 'N', 'N', 'esistemas', '2014-12-29 06:10:38', 'practicante', '2014-12-30 11:16:00');
INSERT INTO `operador` VALUES('produccion', 'TORRES LARA ANGEL MARIA', '07', 'produccion1@realsa.co', 'e10adc3949ba59abbe56e057f20f883e', 'S', 10, '2015-02-15', 'N', 'N', 'esistemas', '2014-12-17 14:34:04', 'produccion', '2014-12-17 14:34:26');
INSERT INTO `operador` VALUES('soldador1', 'BARRIOS MORALES  JULIO', '01', 'no@aplica.com', 'e10adc3949ba59abbe56e057f20f883e', 'S', 10, '2015-02-17', 'N', 'N', 'esistemas', '2014-12-09 15:50:58', 'soldador1', '2014-12-19 13:13:37');
INSERT INTO `operador` VALUES('soldador2', 'RIVERA COGOLLO JHON', '01', 'no@aplica.com', 'e10adc3949ba59abbe56e057f20f883e', 'S', 10, '2015-02-27', 'N', 'N', 'esistemas', '2014-12-09 15:52:11', 'soldador2', '2014-12-29 05:51:55');

-- --------------------------------------------------------

--
-- Estructura de tabla para la tabla `parametros`
--

CREATE TABLE `parametros` (
  `validez_psw` smallint(5) unsigned NOT NULL,
  `dias_psw` smallint(5) unsigned NOT NULL,
  `max_lines_screen` smallint(5) unsigned NOT NULL,
  `max_lines_export` mediumint(8) unsigned NOT NULL,
  `max_dif_min` smallint(5) unsigned NOT NULL,
  `max_attach` mediumint(8) unsigned NOT NULL,
  `assign_ticket` enum('S','N') NOT NULL DEFAULT 'N',
  `from_user_request` varchar(60) NOT NULL,
  `from_user_psw` varchar(60) NOT NULL,
  `contact_default` varchar(20) DEFAULT NULL,
  `process_default` varchar(20) DEFAULT NULL,
  `state_default` varchar(20) DEFAULT NULL,
  `state_alert` varchar(20) DEFAULT NULL,
  `main_screen_state` varchar(20) DEFAULT NULL,
  `date_format` enum('DMA','MDA','AMD') NOT NULL DEFAULT 'DMA',
  `PEN` varchar(20) NOT NULL,
  `PAS` varchar(20) NOT NULL,
  `CAN` varchar(20) NOT NULL,
  `insert_oper` varchar(15) NOT NULL,
  `insert_datetime` datetime NOT NULL,
  `update_oper` varchar(15) NOT NULL,
  `update_datetime` datetime NOT NULL
) ENGINE=InnoDB DEFAULT CHARSET=latin1;

--
-- Volcar la base de datos para la tabla `parametros`
--

INSERT INTO `parametros` VALUES(60, 90, 40, 60000, 2000, 120000, 'S', 'mantenimiento@realsa.co', 'sistemas.alc@realsa.co', 'Interno', 'Mto Correctivo', 'PROGRAMADO', '', '', 'DMA', 'Programado', 'En Proceso', 'Terminado', 'SETUP', '2014-12-09 10:56:44', 'esistemas', '2014-12-19 10:04:32');

-- --------------------------------------------------------

--
-- Estructura de tabla para la tabla `sector`
--

CREATE TABLE `sector` (
  `sector_id` varchar(15) NOT NULL,
  `nombre` varchar(50) NOT NULL,
  `activo` enum('S','N') NOT NULL DEFAULT 'S',
  `insert_oper` varchar(15) NOT NULL,
  `insert_datetime` datetime NOT NULL,
  `update_oper` varchar(15) NOT NULL,
  `update_datetime` datetime NOT NULL,
  PRIMARY KEY (`sector_id`)
) ENGINE=InnoDB DEFAULT CHARSET=latin1;

--
-- Volcar la base de datos para la tabla `sector`
--

INSERT INTO `sector` VALUES('01', 'MANTENIMIENTO', 'S', 'SETUP', '2014-12-09 10:56:36', 'SETUP', '2014-12-09 10:56:36');
INSERT INTO `sector` VALUES('02', 'SISTEMAS', 'S', 'jmto', '2014-12-09 13:34:15', 'jmto', '2014-12-09 13:34:15');
INSERT INTO `sector` VALUES('03', 'ADMINISTRACION', 'S', 'esistemas', '2014-12-11 07:42:58', 'esistemas', '2014-12-11 07:42:58');
INSERT INTO `sector` VALUES('04', 'SALES', 'S', 'esistemas', '2014-12-16 10:01:52', 'esistemas', '2014-12-16 10:01:52');
INSERT INTO `sector` VALUES('05', 'EMULSIFICANTES', 'S', 'esistemas', '2014-12-16 10:01:57', 'esistemas', '2014-12-16 10:01:57');
INSERT INTO `sector` VALUES('06', 'ENCAPSULADOS', 'S', 'esistemas', '2014-12-16 10:02:04', 'esistemas', '2014-12-16 10:02:04');
INSERT INTO `sector` VALUES('07', 'PRODUCCION', 'S', 'esistemas', '2014-12-17 14:33:10', 'esistemas', '2014-12-17 14:33:10');
INSERT INTO `sector` VALUES('08', 'CALIDAD', 'S', 'esistemas', '2014-12-17 14:33:20', 'esistemas', '2014-12-17 14:33:20');
INSERT INTO `sector` VALUES('09', 'LABORATORIOS', 'S', 'esistemas', '2014-12-17 14:33:32', 'esistemas', '2014-12-17 14:33:32');
INSERT INTO `sector` VALUES('10', 'DESPACHOS', 'S', 'esistemas', '2014-12-17 14:38:05', 'esistemas', '2014-12-17 14:38:05');
INSERT INTO `sector` VALUES('11', 'COMPRAS', 'S', 'esistemas', '2014-12-29 05:42:33', 'esistemas', '2014-12-29 05:42:33');
INSERT INTO `sector` VALUES('12', 'CONTABILIDAD', 'S', 'esistemas', '2014-12-29 05:42:48', 'esistemas', '2014-12-29 05:42:48');
INSERT INTO `sector` VALUES('13', 'INVENTARIOS', 'S', 'esistemas', '2014-12-29 05:43:02', 'esistemas', '2014-12-29 05:43:02');
INSERT INTO `sector` VALUES('14', 'GERENCIA GENERAL', 'S', 'esistemas', '2014-12-29 05:43:13', 'esistemas', '2014-12-29 05:43:13');
INSERT INTO `sector` VALUES('15', 'RECURSOS HUMANOS', 'S', 'esistemas', '2014-12-29 05:43:25', 'esistemas', '2014-12-29 05:43:25');
INSERT INTO `sector` VALUES('16', 'COMERCIAL', 'S', 'esistemas', '2014-12-29 05:43:35', 'esistemas', '2014-12-29 05:43:35');
INSERT INTO `sector` VALUES('17', 'RECEPCION', 'S', 'esistemas', '2014-12-29 05:43:47', 'esistemas', '2014-12-29 05:43:47');
INSERT INTO `sector` VALUES('18', 'PRODUCCION', 'S', 'esistemas', '2014-12-29 05:44:09', 'esistemas', '2014-12-29 05:44:09');
INSERT INTO `sector` VALUES('19', 'FINANCIERA', 'S', 'esistemas', '2014-12-29 06:07:42', 'esistemas', '2014-12-29 06:07:42');
INSERT INTO `sector` VALUES('20', 'GERENCIA GENERAL', 'S', 'esistemas', '2014-12-29 06:13:57', 'esistemas', '2014-12-29 06:13:57');

-- --------------------------------------------------------

--
-- Estructura de tabla para la tabla `sigo_ticket`
--

CREATE TABLE `sigo_ticket` (
  `seq_sigo_ticket_id` bigint(20) unsigned NOT NULL AUTO_INCREMENT,
  `seq_ticket_id` mediumint(8) unsigned NOT NULL,
  `fecha` datetime NOT NULL,
  `operador_id` varchar(15) DEFAULT NULL,
  `usuario_id` varchar(15) DEFAULT NULL,
  `campo_cambiado` varchar(30) DEFAULT NULL,
  `valor_anterior` varchar(60) DEFAULT NULL,
  `valor_actual` varchar(60) DEFAULT NULL,
  `comentario` text,
  `visible` enum('S','N') NOT NULL DEFAULT 'N',
  `adjunto` mediumblob,
  `tipo_adjunto` varchar(128) DEFAULT NULL,
  `nombre_adjunto` varchar(128) DEFAULT NULL,
  `insert_oper` varchar(15) DEFAULT NULL,
  `insert_user` varchar(15) DEFAULT NULL,
  `insert_datetime` datetime NOT NULL,
  PRIMARY KEY (`seq_sigo_ticket_id`),
  KEY `seq_ticket_id` (`seq_ticket_id`)
) ENGINE=InnoDB DEFAULT CHARSET=latin1 AUTO_INCREMENT=1 ;

--
-- Volcar la base de datos para la tabla `sigo_ticket`
--


-- --------------------------------------------------------

--
-- Estructura de tabla para la tabla `solicitud`
--

CREATE TABLE `solicitud` (
  `seq_solicitud_id` mediumint(8) unsigned NOT NULL AUTO_INCREMENT,
  `fecha` datetime NOT NULL,
  `usuario_id` varchar(15) NOT NULL,
  `ape_y_nom` varchar(50) NOT NULL,
  `area` varchar(15) NOT NULL,
  `piso` varchar(4) DEFAULT NULL,
  `e_mail` varchar(60) DEFAULT NULL,
  `telefono` varchar(30) DEFAULT NULL,
  `incidente` text NOT NULL,
  `estado` enum('PEN','CAN','PAS') NOT NULL DEFAULT 'PEN',
  `seq_ticket_id` mediumint(8) unsigned DEFAULT NULL,
  `insert_ip` varchar(15) NOT NULL,
  `adjunto` mediumblob,
  `tipo_adjunto` varchar(128) DEFAULT NULL,
  `nombre_adjunto` varchar(128) DEFAULT NULL,
  `insert_user` varchar(15) NOT NULL,
  `insert_datetime` datetime NOT NULL,
  `update_oper` varchar(15) DEFAULT NULL,
  `update_datetime` datetime DEFAULT NULL,
  PRIMARY KEY (`seq_solicitud_id`)
) ENGINE=InnoDB DEFAULT CHARSET=latin1 AUTO_INCREMENT=1 ;

--
-- Volcar la base de datos para la tabla `solicitud`
--


-- --------------------------------------------------------

--
-- Estructura de tabla para la tabla `ticket`
--

CREATE TABLE `ticket` (
  `seq_ticket_id` mediumint(8) unsigned NOT NULL AUTO_INCREMENT,
  `fecha` datetime NOT NULL,
  `privado` enum('S','N') NOT NULL DEFAULT 'S',
  `operador_id` varchar(15) NOT NULL,
  `operador_sector_id` varchar(15) NOT NULL,
  `contacto` varchar(20) NOT NULL,
  `usuario_id` varchar(15) NOT NULL,
  `ape_y_nom` varchar(50) NOT NULL,
  `area_id` varchar(15) NOT NULL,
  `piso` varchar(4) DEFAULT NULL,
  `telefono` varchar(30) DEFAULT NULL,
  `e_mail` varchar(60) DEFAULT NULL,
  `asignado_a` varchar(15) DEFAULT NULL,
  `asignado_a_sector` varchar(15) DEFAULT NULL,
  `prioridad` tinyint(3) unsigned NOT NULL,
  `incidente` text NOT NULL,
  `proceso` varchar(20) NOT NULL,
  `tipo` varchar(50) NOT NULL,
  `sub_tipo` varchar(50) DEFAULT NULL,
  `estado` varchar(20) NOT NULL,
  `calificacion` varchar(50) DEFAULT NULL,
  `fecha_ultimo_estado` datetime NOT NULL,
  `operador_ultimo_estado` varchar(15) DEFAULT NULL,
  `adjunto` mediumblob,
  `tipo_adjunto` varchar(128) DEFAULT NULL,
  `nombre_adjunto` varchar(128) DEFAULT NULL,
  `insert_oper` varchar(15) NOT NULL,
  `insert_datetime` datetime NOT NULL,
  `update_oper` varchar(15) NOT NULL,
  `update_datetime` datetime NOT NULL,
  PRIMARY KEY (`seq_ticket_id`),
  KEY `estado` (`estado`),
  KEY `proceso` (`proceso`),
  KEY `fecha` (`fecha`)
) ENGINE=InnoDB DEFAULT CHARSET=latin1 AUTO_INCREMENT=1 ;

--
-- Volcar la base de datos para la tabla `ticket`
--


-- --------------------------------------------------------

--
-- Estructura de tabla para la tabla `usuario`
--

CREATE TABLE `usuario` (
  `usuario_id` varchar(15) NOT NULL,
  `ape_y_nom` varchar(50) NOT NULL,
  `area_id` varchar(15) NOT NULL,
  `e_mail` varchar(60) DEFAULT NULL,
  `piso` varchar(4) DEFAULT NULL,
  `telefono` varchar(30) DEFAULT NULL,
  `activo` enum('S','N') NOT NULL DEFAULT 'S',
  `contrasenia` varchar(255) DEFAULT NULL,
  `cambia_clave` enum('S','N') NOT NULL DEFAULT 'S',
  `insert_oper` varchar(15) NOT NULL,
  `insert_datetime` datetime NOT NULL,
  `update_oper` varchar(15) DEFAULT NULL,
  `update_user` varchar(15) DEFAULT NULL,
  `update_datetime` datetime NOT NULL,
  PRIMARY KEY (`usuario_id`)
) ENGINE=InnoDB DEFAULT CHARSET=latin1;

--
-- Volcar la base de datos para la tabla `usuario`
--

INSERT INTO `usuario` VALUES('administrativa', 'BARRAGAN ECHEVERRIA JUAN CARLOS', '005', 'administrativa@realsa.co', '02', '204', 'S', NULL, 'S', 'esistemas', '2014-12-09 15:08:50', 'esistemas', NULL, '2014-12-09 15:08:50');
INSERT INTO `usuario` VALUES('cafeteria', 'MORENO HURTADO DALIA ROSA', '013', NULL, '01', 'Ext 101', 'S', NULL, 'S', 'esistemas', '2014-12-09 15:27:23', 'esistemas', NULL, '2014-12-09 15:27:23');
INSERT INTO `usuario` VALUES('calidad', 'TABORDA PUELLO VICTOR MANUEL', '015', 'calidad@realsa.co', '01', 'Ext 103', 'S', NULL, 'S', 'esistemas', '2014-12-09 15:26:20', 'esistemas', NULL, '2014-12-09 15:26:34');
INSERT INTO `usuario` VALUES('ccalidad', 'JARAMILLO GUARDO WILDA', '015', 'controlcalidad@realsa.co', '01', 'Ext 102', 'S', NULL, 'S', 'esistemas', '2014-12-09 15:31:47', 'esistemas', NULL, '2014-12-09 15:31:47');
INSERT INTO `usuario` VALUES('compras', 'LOPEZ FLOREZ KETTY PATRICIA', '004', 'compras@realsa.co', '02', 'Ext 206', 'S', NULL, 'S', 'esistemas', '2014-12-09 15:08:16', 'esistemas', NULL, '2014-12-09 15:08:16');
INSERT INTO `usuario` VALUES('despachos', 'CARO LLERENA JAVIER', '007', 'despachos@realsa.co', '02', 'Ext 218', 'S', NULL, 'S', 'esistemas', '2014-12-09 15:13:10', 'esistemas', NULL, '2014-12-09 15:13:10');
INSERT INTO `usuario` VALUES('financiera', 'RODGERS VITOLA GOMEZ', '001', 'financiera@realsa.co', '02', '3168337743', 'S', NULL, 'S', 'esistemas', '2014-12-09 13:57:05', 'esistemas', NULL, '2014-12-09 13:57:05');
INSERT INTO `usuario` VALUES('id', 'CARDENAS AURY ESTELLA', '014', 'investigacionydesarrolo@realsa.co', '01', '104', 'S', NULL, 'S', 'esistemas', '2014-12-09 15:25:53', 'esistemas', NULL, '2014-12-09 15:25:53');
INSERT INTO `usuario` VALUES('inventarios', 'CABARCAS CASTELLAR LIDIA DEL CARMEN', '003', 'inventarios@realsa.co', '02', 'Ext 207', 'S', NULL, 'S', 'esistemas', '2014-12-09 15:07:39', 'esistemas', NULL, '2014-12-09 15:07:39');
INSERT INTO `usuario` VALUES('jer', 'RUMIE DE CASTILLO JORGE ENRIQUE', '006', 'jer@realsa.co', '02', 'Ext 201', 'S', NULL, 'S', 'esistemas', '2014-12-09 15:12:25', 'esistemas', NULL, '2014-12-09 15:12:25');
INSERT INTO `usuario` VALUES('lemulsificantes', 'CARDONA ALVEAR MIGUEL', '018', 'liderdeemulsificantes@realsa.co', '01', 'Ext 106', 'S', NULL, 'S', 'esistemas', '2014-12-09 15:30:26', 'esistemas', NULL, '2014-12-11 16:23:48');
INSERT INTO `usuario` VALUES('lencapsulado', 'ACEVEDO BLANQUICET CESAR', '019', 'liderdeencapsulados@realsa.co', '01', 'Ext 106', 'S', NULL, 'S', 'esistemas', '2014-12-09 15:29:21', 'esistemas', NULL, '2014-12-09 15:29:21');
INSERT INTO `usuario` VALUES('lsales', 'FUENTES MEDINA MICHEL', '017', 'liderdesales@realsa.co', '01', 'Ext 106', 'S', NULL, 'S', 'esistemas', '2014-12-09 15:28:28', 'esistemas', NULL, '2014-12-09 15:28:28');
INSERT INTO `usuario` VALUES('porteria', 'CARMONA RODRIGUEZ RAFAEL GUSTAVO', '012', NULL, '01', 'Ext 110', 'S', NULL, 'S', 'esistemas', '2014-12-09 15:24:28', 'esistemas', NULL, '2014-12-09 15:24:28');
INSERT INTO `usuario` VALUES('recepcion', 'YEPES RHENALS JESSI YOICE', '011', 'stc2@realsa.co', '01', 'Ext 100', 'S', NULL, 'S', 'esistemas', '2014-12-09 15:21:21', 'esistemas', NULL, '2014-12-09 15:24:36');
INSERT INTO `usuario` VALUES('rrhh', 'RODRIGUEZ VALENCIA MARIANA', '007', 'rhumanos@realsa.co', '02', 'Ext 217', 'S', NULL, 'S', 'esistemas', '2014-12-09 15:15:52', 'esistemas', NULL, '2014-12-09 15:15:52');
INSERT INTO `usuario` VALUES('systems', 'LUNA CASTILLO ANIBAL', '002', 'sistemas.alc@realsa.co', '02', '3172811574', 'S', NULL, 'S', 'esistemas', '2014-12-09 14:21:19', 'esistemas', NULL, '2014-12-09 14:21:19');

-- --------------------------------------------------------

--
-- Estructura de tabla para la tabla `usuario_area_tmp`
--

CREATE TABLE `usuario_area_tmp` (
  `usuario_id` varchar(15) NOT NULL,
  `ape_y_nom` varchar(50) NOT NULL,
  `e_mail` varchar(60) DEFAULT NULL,
  `piso` varchar(4) DEFAULT NULL,
  `telefono` varchar(30) DEFAULT NULL,
  `area_id` varchar(15) NOT NULL,
  `nombre` varchar(50) NOT NULL,
  PRIMARY KEY (`usuario_id`)
) ENGINE=InnoDB DEFAULT CHARSET=latin1;

--
-- Volcar la base de datos para la tabla `usuario_area_tmp`
--

ticketticket